id,商品タイトル,商品紹介,サイズ・容量,規格,出荷条件,良品返品,注文について,JANコード,url
1,アイホン 「ママトーク」電灯線式ドアホンセット(玄関子機&親機),,【パッケージサイズ】高さ：267mm幅　：220mm奥行：65mm重量：800g,,ただ今在庫がありません。納期は別途お問い合わせになります。,不可,"取引申請が必要です
                                        予約受付となります",,https://www.netsea.jp/shop/621959/92629
2,アイホン 「デミトーク」乾電池式ドアホンセット(玄関子機&親機),,【パッケージサイズ】高さ：256mm幅　：208mm奥行：58mm重量：850g,,出荷の目安：１０営業日前後,不可,取引申請が必要です,,https://www.netsea.jp/shop/621959/92628
3,ヤザワ 録音機能付人感センサーチャイム&アラーム,,【パッケージサイズ】高さ：45mm幅　：111mm奥行：232mm,,ただ今在庫がありません。納期は別途お問い合わせになります。,不可,"取引申請が必要です
                                        予約受付となります",,https://www.netsea.jp/shop/621959/192816
4,夏　新しいデザイン　ハイウエスト　着やせ　ワイドレッグ　トウ　地　ロングパンツ　穴あき　,息子 INS超人気 海外セレブ人気商品 おしゃれ,ウエスト ヒップ 脇丈S 64 101104M 67 103 104L 70 106 104,製番：13D77503夏/新しいデザイン/ハイウエスト/着やせ/ワイドレッグ/トウ/地/ロングパンツ/穴あき/ルース/女性のジーンズ/ストレートジーンズ/息子,銀行振込みの場合は、前払い決済ですので、ご注文後、早めに振込みして下さい！,不可,会員のみ注文が可能です,,https://www.netsea.jp/shop/364331/A60348-8028684
5,味　風　ファッション　セクシー　タイト　ハイウエスト　デニム　ショートパンツ　ホットパン,学生 INS超人気 海外セレブ人気商品 おしゃれ,脇丈 ヒップ 裾幅 ウエストS 25 79 51 61M 25.5 83 53 65L 26 87 55 69,製番：13D77499味/風/ファッション/セクシー/タイト/ハイウエスト/デニム/ショートパンツ/ホットパンツ/女/夏/韓国風/学生,銀行振込みの場合は、前払い決済ですので、ご注文後、早めに振込みして下さい！,不可,会員のみ注文が可能です,,https://www.netsea.jp/shop/364331/A60348-7656566
6,ファッション　新しいデザイン　何でも似合う　夏　韓国風　ハイウエスト　言葉　デニムスカー,ショートパンツ INS超人気 海外セレブ人気商品 おしゃれ,脇丈 ヒップ ウエスト 裾幅S 33 94 65 62M 33.5 98 69 64L 34 102 73 66,製番：13D77607ファッション/新しいデザイン/何でも似合う/夏/韓国風/ハイウエスト/言葉/デニムスカート/パンツ/女/アンチ/走る/光/アンティーク調/ショートパンツ,銀行振込みの場合は、前払い決済ですので、ご注文後、早めに振込みして下さい！,不可,会員のみ注文が可能です,,https://www.netsea.jp/shop/364331/A60326-2647696
7,【即納】【低価格/高品質】デニム風スリット入りストレッチレギンスパンツ　0334/オ,,ポリエステル95%　ポリウレタン5% 　　　　ML(cm)　LL(cm)ウェスト　30　32股上　25　25股下　69　70裏地　なし　なし伸縮性　あり　あり透け感　なし　なし,,3営業日以内に出荷。日曜・祝日は休業日となりますので発送は行っておりません。,不可,会員のみ注文が可能です,816020334492,https://www.netsea.jp/shop/344383/0078-816020334492
8,【即納】価格/高品質】和風花柄斜め切替変形ヘムサイドスリット入り半袖チュニックワンピース　318/キ,,ポリエステル65%　綿35% 　　　　平置(cm)着丈　90身幅　52袖丈　21裏地　なし伸縮性　なし透け感　なし,,3営業日以内に出荷。日曜・祝日は休業日となりますので発送は行っておりません。,不可,会員のみ注文が可能です,816000773318,https://www.netsea.jp/shop/344383/0078-816000773318
9,【即納】格/高品質】7色展開ボタニカルレース刺繍ヨーク切替裾フレア七分袖シャツブラウス　1709/ラ,,本体：レーヨン65％　ポリエステル35％　別布・レース：ポリエステル100％ 　　　　平置(cm)着丈　82身幅　50袖丈　43裏地　なし伸縮性　なし透け感　若干あり,,3営業日以内に出荷。日曜・祝日は休業日となりますので発送は行っておりません。,不可,会員のみ注文が可能です,816001465709,https://www.netsea.jp/shop/344383/0078-816001465709
10,初回送料無料 2019 砂浜 リボン付き ビキニ 水着 大人気 cjbdy-1905a200春夏 新作,人気のレディースファッションがお買い得 魅力を引き立せる プチプライスファッション 春夏 新作 2019,サイズ【cm】:【M】身長約155-160cm バスト約70AB 75AB【L】身長約160-165cm  バスト約75AB  80AB【XL】身長約165-170cm  バスト約80AB  85AB【カラー】:ブラック,【素材】コットン ポリエステル,海外からの仕入れですので、ご注文後頂いてから納品までに大体2週間～3週間必要となります。,不可,会員のみ注文が可能です,19d900,https://www.netsea.jp/shop/290691/CjbDy-a200
11,初回送料無料 2019 砂浜 レース 連体式 水着 大人気 cjbdy-1905a201春夏 新作,人気のレディースファッションがお買い得 魅力を引き立せる プチプライスファッション 春夏 新作 2019,サイズ【cm】:【M】身長約155-160cm バスト約70AB 75AB【L】身長約160-165cm  バスト約75AB  80AB【XL】身長約165-170cm  バスト約80AB  85AB【カラー】:ブラック,【素材】コットン ポリエステル,海外からの仕入れですので、ご注文後頂いてから納品までに大体2週間～3週間必要となります。,不可,会員のみ注文が可能です,19d901,https://www.netsea.jp/shop/290691/CjbDy-a201
12,初回送料無料 2019 花柄プリント ビキニ 水着 大人気 cjbdy-1905a202春夏 新作,人気のレディースファッションがお買い得 魅力を引き立せる プチプライスファッション 春夏 新作 2019,サイズ【cm】:【M】身長約155-160cm バスト約70AB 75AB【L】身長約160-165cm  バスト約75AB  80AB【XL】身長約165-170cm  バスト約80AB  85AB【カラー】:図色,【素材】コットン ポリエステル,海外からの仕入れですので、ご注文後頂いてから納品までに大体2週間～3週間必要となります。,不可,会員のみ注文が可能です,19d902,https://www.netsea.jp/shop/290691/CjbDy-a202
13,■ソラマルシェ【プレシャスローズ】,大小のソラフラワーを合わせたお得なセット。ポプリとして、またアレンジして小物を作ったり。,【サイズ】約○98 H100mm,,●3～5営業日※繁忙期に尽きましては若干前後する場合がございます。,不可,取引申請が必要です,,https://www.netsea.jp/shop/49319/80083905
14,■ソラマルシェ【ディアレストダリア】,大小のソラフラワーを合わせたお得なセット。ポプリとして、またアレンジして小物を作ったり。,【サイズ】約○98 H100mm,,●3～5営業日※繁忙期に尽きましては若干前後する場合がございます。,不可,取引申請が必要です,,https://www.netsea.jp/shop/49319/80083912
15,■ソラマルシェ【エターナルピオニー】,大小のソラフラワーを合わせたお得なセット。ポプリとして、またアレンジして小物を作ったり。,【サイズ】約○98 H100mm,,●3～5営業日※繁忙期に尽きましては若干前後する場合がございます。,不可,取引申請が必要です,,https://www.netsea.jp/shop/49319/80083929
16,初回送料無料 2019配色 ゆったり マキシ丈 ワンピ 大人気 全3色 Cjovy-1904bm125 春夏 新作,人気のレディースファッションがお買い得 魅力を引き立せる プチプライスファッション 春夏 新作 2019,サイズ【cm】:【F】 スカートの丈約115 バスト約104 肩幅約48【カラー】:ホワイト/ブラック/ベージュ,【素材】コットン ポリエステル,海外からの仕入れですので、ご注文後頂いてから納品までに大体2週間～3週間必要となります。,不可,会員のみ注文が可能です,1904bm125,https://www.netsea.jp/shop/421149/Cjovy-bm125
17,初回送料無料 2019一字襟 総柄 ショート ワンピ 大人気 Cjovy-1904bm126 春夏 新作,人気のレディースファッションがお買い得 魅力を引き立せる プチプライスファッション 春夏 新作 2019,サイズ【cm】:【F】 スカートの丈約81 バスト約84【カラー】:図色,【素材】コットン ポリエステル,海外からの仕入れですので、ご注文後頂いてから納品までに大体2週間～3週間必要となります。,不可,会員のみ注文が可能です,1904bm126,https://www.netsea.jp/shop/421149/Cjovy-bm126
18,初回送料無料 2019ハングルセレブstyle レース 半袖 ブラウス 大人気 Cjovy-1904bm127 春夏 新作,人気のレディースファッションがお買い得 魅力を引き立せる プチプライスファッション 春夏 新作 2019,サイズ【cm】:【F】 着丈約54 バスト約82【カラー】:ベージュ,【素材】コットン ポリエステル,海外からの仕入れですので、ご注文後頂いてから納品までに大体2週間～3週間必要となります。,不可,会員のみ注文が可能です,1904bm127,https://www.netsea.jp/shop/421149/Cjovy-bm127
19,半袖Ｔシャツ 切り替え バイカラー スリム 着痩せ カットソー ボーダー柄 シンプル カジュアル,カットソー トップス 配色 ストライプ柄,この商品のもっと詳しい画像をクリックで表示されます。（全14枚がございます）■素材：コットン65%ポリエステル35%■色：ベージュ■サイズ：【F】着丈約45cm　バスト約58cm　袖丈約24cm　半袖Ｔシャツ 切り替え バイカラー スリム 着痩せ カットソー ボーダー柄 シンプル カジュアル カットソー トップス 配色 ストライプ柄2019 春服 初春 早春新作 夏服 春夏新作 INS超人気,下記の画像をクリックで拡大表示されます。（全14枚がございます）,通常10日から2週間。在庫は無い場合は別途ご連絡いたします。,不可,会員のみ注文が可能です,,https://www.netsea.jp/shop/160622/214746
20,全3色 半袖Ｔシャツ 体型カバー 着痩せ フラワー sweet系 シンプル,カットソー トップス 花,この商品のもっと詳しい画像をクリックで表示されます。（全20枚がございます）■素材：コットン65%ポリエステル35%■色：ブラック/オレンジ/ブルー■サイズ：【F】着丈約70cm　バスト約110cm　半袖Ｔシャツ 体型カバー 着痩せ フラワー sweet系 シンプル カットソー トップス 花2019 春服 初春 早春新作 夏服 春夏新作 INS超人気,下記の画像をクリックで拡大表示されます。（全20枚がございます）,通常10日から2週間。在庫は無い場合は別途ご連絡いたします。,不可,会員のみ注文が可能です,,https://www.netsea.jp/shop/160622/214745
21,全2色 ニット 薄手 オフショルダー スリム 着痩せ カットソー 無地 シンプル,カットソー 羽織り トップス 肩あき 肩出し 肩見せ,この商品のもっと詳しい画像をクリックで表示されます。（全19枚がございます）■素材：アクリル100%■色：ベージュ/ブラック■サイズ：【F】着丈約56cm　バスト約36cm　ニット 薄手 オフショルダー スリム 着痩せ カットソー 無地 シンプル カットソー 羽織り トップス 肩あき 肩出し 肩見せ2019 春服 初春 早春新作 夏服 春夏新作 INS超人気,下記の画像をクリックで拡大表示されます。（全19枚がございます）,通常10日から2週間。在庫は無い場合は別途ご連絡いたします。,不可,会員のみ注文が可能です,,https://www.netsea.jp/shop/160622/214744
22,ワンピース フリル 切り替え バイカラー スリム 着痩せ セクシー,チュニック ドレス  配色,この商品のもっと詳しい画像をクリックで表示されます。（全10枚がございます）■素材：コットン65%ポリエステル35%■色：ブラック■サイズ：【S】着丈約82cm　バスト約78cm　肩幅約34cm　ウエスト約58cm　【M】着丈約83cm　バスト約82cm　肩幅約35cm　ウエスト約62cm　【L】着丈約84cm　バスト約86cm　肩幅約36cm　ウエスト約66cm　【XL】着丈約85cm　バスト約90cm　肩幅約37cm　ウエスト約70cm　ワンピース フリル 切り替え バイカラー スリム 着痩せ セクシー チュニック ドレス  配色2019 春服 初春 早春新作 夏服 春夏新作 INS超人気,下記の画像をクリックで拡大表示されます。（全10枚がございます）,通常10日から2週間。在庫は無い場合は別途ご連絡いたします。,不可,会員のみ注文が可能です,,https://www.netsea.jp/shop/364528/214897
23,ワンピース フリル 切り替え スリム 着痩せ レース 無地 sweet系,チュニック ドレス,■素材：コットン65%ポリエステル35%■色：ブラック■サイズ：【S】バスト約80cm　袖丈約19cm　スカート丈約82cm　ウエスト約66cm　【M】バスト約84cm　袖丈約20cm　スカート丈約83cm　ウエスト約70cm　【L】バスト約88cm　袖丈約21cm　スカート丈約84cm　ウエスト約74cm　【XL】バスト約92cm　袖丈約22cm　スカート丈約85cm　ウエスト約78cm　ワンピース フリル 切り替え スリム 着痩せ レース 無地 sweet系 チュニック ドレス 2019 春服 初春 早春新作 夏服 春夏新作 INS超人気,,通常10日から2週間。在庫は無い場合は別途ご連絡いたします。,不可,会員のみ注文が可能です,,https://www.netsea.jp/shop/364528/214898
24,全2色 ワンピース フリル 切り替え バイカラー オフショルダー sweet系,チュニック ドレス  配色 肩あき 肩出し 肩見せ,この商品のもっと詳しい画像をクリックで表示されます。（全8枚がございます）■素材：コットン65%ポリエステル35%■色：ブラック/レッド■サイズ：【S】着丈約75cm　バスト約66-86cm　ウエスト約56-74cm　【M】着丈約76cm　バスト約70-90cm　ウエスト約60-78cm　【L】着丈約77cm　バスト約74-94cm　ウエスト約64-82cm　【XL】着丈約78cm　バスト約78-98cm　ウエスト約68-86cm　ワンピース フリル 切り替え バイカラー オフショルダー sweet系 チュニック ドレス  配色 肩あき 肩出し 肩見せ2019 春服 初春 早春新作 夏服 春夏新作 INS超人気,下記の画像をクリックで拡大表示されます。（全8枚がございます）,通常10日から2週間。在庫は無い場合は別途ご連絡いたします。,不可,会員のみ注文が可能です,,https://www.netsea.jp/shop/364528/214899
25,2019年新作★子供スカート★キッズスカート★スカート★ゆったり★可愛い★3色90-150★,,◆カラー：画像通り　　　    ※採寸に2-3cmの誤差が生じる場合がございますので、ご了承ください,■素材：コットン　　■原産国：中国,ご入金確認後5日以内商品を発送いたします。,不可,会員のみ注文が可能です,,https://www.netsea.jp/shop/407657/MP4893
26,2019新品★レデイース　シャツ★ブラウス★カジュアル　シャツ★3色M-4XL,,■サイズ：画像通り  ※採寸に2-3cmの誤差が生じる場合がございますので、ご了承ください,■素材：コットン、ポリエステル  ■包装状況：P.P.袋 ■生産地：中国,ご入金確認後5日以内商品を発送いたします。,不可,会員のみ注文が可能です,,https://www.netsea.jp/shop/407657/YU00860
27,2019新作★子供服★個性的★ベスト★子供ベスト★格子★超可愛い★男の子★女の子★3色90-130,,◆カラー ：画像通りサイズ：サイズ表をご参考ください。※平置き採寸となりますので、2-3cmの誤差についてはご容赦下さい。,■素材：コットン　　■原産国：中国,ご入金確認後5日以内商品を発送いたします。,不可,会員のみ注文が可能です,,https://www.netsea.jp/shop/407657/TN1484Y
28,初回送料無料 2019 花柄プリント ワンマイルウェア 連体式 パンツ 全3色 cjvcy-19es369,人気のレディースファッションがお買い得 魅力を引き立せる プチプライスファッション 春夏 新作 2019,サイズ【cm】:【F】 ズボンの丈約127 ウェスト約98【カラー】:ブラック/ベージュ/ピンク,【素材】ポリエステル,海外からの仕入れですので、ご注文後頂いてから納品までに大体2週間～3週間必要となります。,不可,会員のみ注文が可能です,19es369,https://www.netsea.jp/shop/470392/Cjvcy-19es369
29,初回送料無料 2019 一字襟 総柄 七分袖 ブラウス 大人気 全3色 cjvcy-19es370春夏 新作,人気のレディースファッションがお買い得 魅力を引き立せる プチプライスファッション 春夏 新作 2019,サイズ【cm】:【F】 着丈約40 バスト約98【カラー】:ブラック/ネイビー/ベージュ,【素材】ポリエステル,海外からの仕入れですので、ご注文後頂いてから納品までに大体2週間～3週間必要となります。,不可,会員のみ注文が可能です,19es370,https://www.netsea.jp/shop/470392/Cjvcy-19es370
30,初回送料無料 2019 ハングルセレブstyle カジュアル ミディアム ワンピ 全4色 cjvcy-19es371,人気のレディースファッションがお買い得 魅力を引き立せる プチプライスファッション 春夏 新作 2019,サイズ【cm】:【S】 スカートの丈約110 バスト約86【M】 スカートの丈約111 バスト約91【L】 スカートの丈約112 バスト約97【XL】 スカートの丈約113 バスト約104【カラー】:ブラック/カーキー/ブルー/イエロー,【素材】ポリエステル,海外からの仕入れですので、ご注文後頂いてから納品までに大体2週間～3週間必要となります。,不可,会員のみ注文が可能です,19es371,https://www.netsea.jp/shop/470392/Cjvcy-19es371
31,オールインワン水着 女の子 男の子 ラッシュガード 子供 キッズ 女児 赤ちゃん,,■すべて平置きサイズです。サイズ表の実寸法は商品によって1～2cm程度の誤差がある場合がございますので、予めご了承ください。,■素材：ポリエステル■原産国：中国,ご入金確認後4-7営業日で商品を配送いたします,不可,会員のみ注文が可能です,,https://www.netsea.jp/shop/585056/ALLD-9159
32,セパレート水着 女の子 2点セット ラッシュガード ワンピース 子供 水泳キャップ付き 赤ちゃん,,■すべて平置きサイズです。サイズ表の実寸法は商品によって1～2cm程度の誤差がある場合がございますので、予めご了承ください。,■素材：ポリエステル■原産国：中国,ご入金確認後4-7営業日で商品を配送いたします,不可,会員のみ注文が可能です,,https://www.netsea.jp/shop/585056/ALLD-9122
33,セパレート水着 女の子 2点セット ラッシュガード ビキニ 子供 キッズ 女児 赤ちゃん,,■すべて平置きサイズです。サイズ表の実寸法は商品によって1～2cm程度の誤差がある場合がございますので、予めご了承ください。,■素材：ポリエステル■原産国：中国,ご入金確認後4-7営業日で商品を配送いたします,不可,会員のみ注文が可能です,,https://www.netsea.jp/shop/585056/ALLD-9105
34,「積み木」うきうきソフトつみき,Uki Uki Soft Tsumiki,■Package：W23×D23×18cm■Size:約W23×D23×18ｃｍ■種類：2種AS（不均等）■材質：EVA■重量：約272g（平均値）,,2019年6月上旬入荷予定,不可,"取引申請が必要です
                                        予約受付となります",,https://www.netsea.jp/shop/5215/190508-1OSE
35,ダイキャストカー付おしごとステーション,Work station with die cast car,■Package：約W37.5×D7×H23.5cm■Size:約W63×D18×H26cm（工事・組立時/アイテムにより異なる）■種類：3種AS■材質：ABS・PP■重量：約650g（工事/アイテムにより異なる）,,2019年6月上旬入荷予定,不可,"取引申請が必要です
                                        予約受付となります",,https://www.netsea.jp/shop/5215/190508-2OSE
36,完全ワイヤレスイヤホン　STICK（スティック）,Perfect wireless earphone STICK (stick),■Package：約W13×D3.5×H13cm■Size:約W1.5×D2×H5cm■種類：2種AS■備考：リチウムイオンポリマー電池（内蔵）■材質：PC+ABS■重量：約65g,,2019年6月下旬入荷予定,不可,"取引申請が必要です
                                        予約受付となります",,https://www.netsea.jp/shop/5215/190508-3OSE
37,キッズ 子供 キャップ 帽子 ハット 日よけ 日焼け防止 レジャー アウトドア,キッズ 子供 キャップ 帽子 ハット 日よけ 日焼け防止 レジャー アウトドア,■サイズ46-53cm,※ご覧のモニターによって実物と色合いが異なる場合がございますので、あらかじめご了承ください。,ご入金確認後5日以内商品を発送いたします。,不可,取引申請が必要です,,https://www.netsea.jp/shop/430798/C-g711
38,キッズ 子供 キャップ 帽子 ハット 日よけ 日焼け防止 レジャー アウトドア,キッズ 子供 キャップ 帽子 ハット 日よけ 日焼け防止 レジャー アウトドア,■サイズ46-53cm,※ご覧のモニターによって実物と色合いが異なる場合がございますので、あらかじめご了承ください。,ご入金確認後5日以内商品を発送いたします。,不可,取引申請が必要です,,https://www.netsea.jp/shop/430798/C-g712
39,キッズ 子供 キャップ 帽子 ハット 日よけ 日焼け防止 レジャー アウトドア,キッズ 子供 キャップ 帽子 ハット 日よけ 日焼け防止 レジャー アウトドア,■サイズ46-53cm,※ご覧のモニターによって実物と色合いが異なる場合がございますので、あらかじめご了承ください。,ご入金確認後5日以内商品を発送いたします。,不可,取引申請が必要です,,https://www.netsea.jp/shop/430798/C-g713
40,2019年新作★子供スカート★キッズスカート★スカート★ゆったり★可愛い★3色90-150★,,◆カラー：画像通り　　　    ※採寸に2-3cmの誤差が生じる場合がございますので、ご了承ください,■素材：コットン　　■原産国：中国,ご入金確認後5日以内商品を発送いたします。,不可,会員のみ注文が可能です,,https://www.netsea.jp/shop/595696/MP4893
41,2019新品★レデイース　シャツ★ブラウス★カジュアル　シャツ★3色M-4XL,,■サイズ：画像通り  ※採寸に2-3cmの誤差が生じる場合がございますので、ご了承ください,■素材：コットン、ポリエステル  ■包装状況：P.P.袋 ■生産地：中国,ご入金確認後5日以内商品を発送いたします。,不可,会員のみ注文が可能です,,https://www.netsea.jp/shop/595696/YU00860
42,2019新作★子供服★個性的★ベスト★子供ベスト★格子★超可愛い★男の子★女の子★3色90-130,,◆カラー ：画像通りサイズ：サイズ表をご参考ください。※平置き採寸となりますので、2-3cmの誤差についてはご容赦下さい。,■素材：コットン　　■原産国：中国,ご入金確認後5日以内商品を発送いたします。,不可,会員のみ注文が可能です,,https://www.netsea.jp/shop/595696/TN1484Y
43,★DIY素材★DIYアクセサリー★フィッティング★手作り素材★,★DIY素材★DIYアクセサリー★フィッティング★手作り素材★,"■素材:軟陶
■1点=3000個","■個別袋入り 
■原産国 中国",ご入金確認後5営業日以内商品を発送いたします。,不可,会員のみ注文が可能です,,https://www.netsea.jp/shop/289111/YB-19D036
44,★DIY素材★DIYアクセサリー★フィッティング★手作り素材★,★DIY素材★DIYアクセサリー★フィッティング★手作り素材★,"■素材:軟陶
■1点=3000個","■個別袋入り 
■原産国 中国",ご入金確認後5営業日以内商品を発送いたします。,不可,会員のみ注文が可能です,,https://www.netsea.jp/shop/289111/YB-19D037
45,★DIY素材★DIYアクセサリー★フィッティング★手作り素材★,★DIY素材★DIYアクセサリー★フィッティング★手作り素材★,■素材:プラスチック,"■個別袋入り 
■原産国 中国",ご入金確認後5営業日以内商品を発送いたします。,不可,会員のみ注文が可能です,,https://www.netsea.jp/shop/289111/YB-19D038
46,夏フォーマル上下セットアップキッズ子供～ジュニア用/男の子シャツ女の子蝶ネクタイスカートチェック柄,夏フォーマル上下セットアップキッズ子供～ジュニア用/男の子シャツ女の子蝶ネクタイスカートチェック柄,材質：ポリエステル、コットン,,2万円以上全国送料無料です！ご入金確認後5日以内商品を発送いたします。,不可,会員のみ注文が可能です,,https://www.netsea.jp/shop/576497/XJ2422
47,夏フォーマル上下セットアップキッズ子供～ジュニア用/男の子シャツ女の子蝶ネクタイスカートチェック柄,夏フォーマル上下セットアップキッズ子供～ジュニア用/男の子シャツ女の子蝶ネクタイスカートチェック柄,材質：ポリエステル、コットン,,2万円以上全国送料無料です！ご入金確認後5日以内商品を発送いたします。,不可,会員のみ注文が可能です,,https://www.netsea.jp/shop/576497/XJ2423
48,夏フォーマル上下セットアップキッズ子供～ジュニア用/男の子シャツ女の子蝶ネクタイスカートチェック柄,夏フォーマル上下セットアップキッズ子供～ジュニア用/男の子シャツ女の子蝶ネクタイスカートチェック柄,材質：ポリエステル、コットン,,2万円以上全国送料無料です！ご入金確認後5日以内商品を発送いたします。,不可,会員のみ注文が可能です,,https://www.netsea.jp/shop/576497/XJ2424
49,極上品アーカンソー産 Extra スモーキークォーツ(黒水晶)クラスター原石【FOREST 天然石 パワーストーン】,FOREST■クラスター■ ■鉱物■,【サイズ】横約55mm×奥約30mm×高さ約37mm【素材】アーカンソー産スモーキークォーツ(黒水晶),,3営業日以内,不可,取引申請が必要です,,https://www.netsea.jp/shop/70966/D30-196
50,極上品アーカンソー産 Extra スモーキークォーツ(黒水晶)クラスター原石【FOREST 天然石 パワーストーン】,FOREST■クラスター■ ■鉱物■,【サイズ】横約40mm×奥約38mm×高さ約35mm【素材】アーカンソー産スモーキークォーツ(黒水晶),,3営業日以内,不可,取引申請が必要です,,https://www.netsea.jp/shop/70966/D30-199
51,極上品アーカンソー産 Extra スモーキークォーツ(黒水晶)クラスター原石【FOREST 天然石 パワーストーン】,FOREST■クラスター■ ■鉱物■,【サイズ】横約43mm×奥約35mm×高さ約20mm【素材】アーカンソー産スモーキークォーツ(黒水晶),,3営業日以内,不可,取引申請が必要です,,https://www.netsea.jp/shop/70966/D30-221
52,【大きいサイズXL-5XL】【ストレッチあり】ファッション半ズボン,【株】スリー・ストンズ 【商品】 半ズボン 【色】 ブラック,【XL】ウエスト約74-84cm 丈約36cm ヒップ約92-102cm 【XXL】ウエスト約82-92cm 丈約37cm ヒップ約104-114cm 【3XL】ウエスト約88-98cm 丈約38cm ヒップ約108-118cm 【4XL】ウエスト約94-102cm 丈約39cm ヒップ約112-122cm 【5XL】ウエスト約98-108cm 丈約40cm ヒップ約114-124cm ※平置きで採寸ですので、2-3CMの誤差が生じる場合がございます,デニム,基本3-4営業日以内に出荷致します。但し、在庫状況により1週間前後かかる場合もございます。,不可,会員のみ注文が可能です,chofh-965,https://www.netsea.jp/shop/327113/chofh-965
53,【大きいサイズXXL-5XL】ストレッチありファッション半ズボン♪ダークブルー/ブラック2色展開◆,【株】スリー・ストンズ 【商品】 半ズボン 【色】 ダークブルー ブラック,【XXL】ウエスト約82-92cm 丈約37cm ヒップ約110-120cm 【3XL】ウエスト約86-96cm 丈約38cm ヒップ約114-124cm 【4XL】ウエスト約90-100cm 丈約39cm ヒップ約120-130cm 【5XL】ウエスト約94-104cm 丈約40cm ヒップ約126-136cm ※平置きで採寸ですので、2-3CMの誤差が生じる場合がございます,デニム,基本3-4営業日以内に出荷致します。但し、在庫状況により1週間前後かかる場合もございます。,不可,会員のみ注文が可能です,chofh-946,https://www.netsea.jp/shop/327113/chofh-946
54,【大きいサイズXXL-5XL】【ウエストがゴム】ファッション半ズボン,【株】スリー・ストンズ 【商品】 半ズボン 【色】 ブルー,【XXL】ウエスト約64-74cm 丈約40cm ヒップ約98cm 【3XL】ウエスト約70-80cm 丈約40cm ヒップ約104cm 【4XL】ウエスト約74-84cm 丈約41cm ヒップ約108cm 【5XL】ウエスト約82-92cm 丈約44cm ヒップ約113cm ※平置きで採寸ですので、2-3CMの誤差が生じる場合がございます,デニム,基本3-4営業日以内に出荷致します。但し、在庫状況により1週間前後かかる場合もございます。,不可,会員のみ注文が可能です,chofh-974,https://www.netsea.jp/shop/327113/chofh-974
55,大人の魅力 上品 女性らしい 韓国 刺繍 花柄 はながら ドールカラー  トップス 百掛け プリント ブラウス,怠惰な風 小さい新鮮な カジュアル 学院風 トップス 百掛け プリント ブラウス,"★【サイズ】

着丈：約58cm  肩幅：約38cm  バスト：約96cm 
 
※サイズについては2-3センチの誤差があります。",※サイズは平置きサイズです。素人採寸ですので、若干の誤差がございます、ご了承ください。,ご入金確認後2~4日以内商品を発送致します。 一部海外から発送の商品は、出荷から到着まで約3営業日必要。,不可,会員のみ注文が可能です,,https://www.netsea.jp/shop/588973/ZY2019050418
56,人気沸騰  夏 新着 韓国 ファッション ジョーカー カジュアル 気高い  短いスタイル カレッジ風 上着,カジュアル ゆったり 気高い トップス 百掛け スリムフィット 短いスタイル カレッジ風 上着,"★【サイズ】

着丈：約65cm  肩幅：約33.5cm  バスト：約120cm 袖丈：約23cm 
 
※サイズについては2-3センチの誤差があります。",※サイズは平置きサイズです。素人採寸ですので、若干の誤差がございます、ご了承ください。,ご入金確認後2~4日以内商品を発送致します。 一部海外から発送の商品は、出荷から到着まで約3営業日必要。,不可,会員のみ注文が可能です,,https://www.netsea.jp/shop/588973/ZY2019050419
57,着まわし抜群 気質 OL  韓国 カスタム フリル ハンドメイド 刺繍 sweet系 スリムフィット シャツ ブラウス,セクシー小さい新鮮な  Vネック sweet系 スリムフィット シャツ ブラウス,"★【サイズ】

着丈：約54cm  肩幅：約36cm  バスト：約92cm 袖丈：約32cm 
 
※サイズについては2-3センチの誤差があります。",※サイズは平置きサイズです。素人採寸ですので、若干の誤差がございます、ご了承ください。,ご入金確認後2~4日以内商品を発送致します。 一部海外から発送の商品は、出荷から到着まで約3営業日必要。,不可,会員のみ注文が可能です,,https://www.netsea.jp/shop/588973/ZY2019050420
58,★2019 新作アパレル★子供 ワンピース★キッズ  ドレス★,★2019 新作アパレル★子供 ワンピース★キッズ  ドレス★,90-130CM,■包装状況：P.P.袋 ■原産国：中国,ご入金確認後５営業日以内で商品を発送いたします。,不可,会員のみ注文が可能です,,https://www.netsea.jp/shop/391726/S11211
59,★2019 新作アパレル★子供 ワンピース★キッズ  ドレス★,★2019 新作アパレル★子供 ワンピース★キッズ  ドレス★,90-130CM,■包装状況：P.P.袋 ■原産国：中国,ご入金確認後５営業日以内で商品を発送いたします。,不可,会員のみ注文が可能です,,https://www.netsea.jp/shop/391726/S11210
60,★2019 新作アパレル★子供 ワンピース★キッズ  ドレス★,★2019 新作アパレル★子供 ワンピース★キッズ  ドレス★,90-130CM,■包装状況：P.P.袋 ■原産国：中国,ご入金確認後５営業日以内で商品を発送いたします。,不可,会員のみ注文が可能です,,https://www.netsea.jp/shop/391726/S11209
61,新作　レディース　アクセサリー　眼鏡　サングラス　小顔,,※採寸に若干の誤差（1～3cm）がある場合がございますので、予めご了承ください。※ご覧のモニターによって実物と色合いが異なる場合がございますので、予めご了承ください。,素材：pc　その他,ご入金確認後5日以内商品を発送いたします。,不可,取引申請が必要です,,https://www.netsea.jp/shop/620918/KA-878
62,新作　レディース　アクセサリー　眼鏡　サングラス　小顔,,※採寸に若干の誤差（1～3cm）がある場合がございますので、予めご了承ください。※ご覧のモニターによって実物と色合いが異なる場合がございますので、予めご了承ください。,素材：pc　その他,ご入金確認後5日以内商品を発送いたします。,不可,取引申請が必要です,,https://www.netsea.jp/shop/620918/KA-879
63,新作　レディース　アクセサリー　眼鏡　サングラス　小顔,,※採寸に若干の誤差（1～3cm）がある場合がございますので、予めご了承ください。※ご覧のモニターによって実物と色合いが異なる場合がございますので、予めご了承ください。,素材：pc　その他,ご入金確認後5日以内商品を発送いたします。,不可,取引申請が必要です,,https://www.netsea.jp/shop/620918/KA-880
64,5頭ガネーシャ,存在感ある頭が5頭のガネーシャです！カラーは3色！,【サイズ】横約9.5cm×高さ約10cm×奥行約6cm,"【素材】レジン
【原産国】インドネシア",,不可,取引申請が必要です,,https://www.netsea.jp/shop/235893/GA-103477
65,くつろぎガネーシャ,ガネーシャ様の一休み,【サイズ】横約11cm×縦約12cm×奥行約8cm,"【素材】レジン
【原産国】インドネシア",,不可,会員のみ注文が可能です,,https://www.netsea.jp/shop/235893/GA-103474
66,夢を叶える象　ガネーシャオブジェ,富と学問の神様ガネーシャのインテリア,【サイズ】横約12.5cm×縦約17cm×奥行約10cm,"【素材】レジン
【原産国】インドネシア",,不可,取引申請が必要です,,https://www.netsea.jp/shop/235893/GA-103471
67,2019夏新作★大人気旅行用ビーチマット★砂浜マット ショール★個性ヨガマット,2019夏新作★大人気旅行用ビーチマット★砂浜マット ショール★個性ヨガマット,■サイズ：150*150cm,■個別袋入り ■原産国 中国■素材：ポリエステル■商品がランダム発送,ご入金確認後5営業日以内商品を発送いたします。,不可,会員のみ注文が可能です,,https://www.netsea.jp/shop/484125/wl0687
68,2019夏新作★大人気旅行用ビーチマット★砂浜マットショール★ヨガマット★海洋生物,2019夏新作★大人気旅行用ビーチマット★砂浜マットショール★ヨガマット★海洋生物,■サイズ：150*150cm,■個別袋入り ■原産国 中国■素材：ポリエステル■商品がランダム発送,ご入金確認後5営業日以内商品を発送いたします。,不可,会員のみ注文が可能です,,https://www.netsea.jp/shop/484125/wl0688
69,2019夏新作★大人気旅行用ビーチマット★砂浜マットショール★ヨガマット★,2019夏新作★大人気旅行用ビーチマット★砂浜マットショール★ヨガマット★,■サイズ：150*150cm,■個別袋入り ■原産国 中国■素材：ポリエステル■商品がランダム発送,ご入金確認後5営業日以内商品を発送いたします。,不可,会員のみ注文が可能です,,https://www.netsea.jp/shop/484125/wl0689
70,創意文具★手帳シール★可愛い シール★DIYシール,創意文具★手帳シール★可愛い シール★DIYシール,1点=46枚,■原産国 中国■商品の色はランダム発送となります。,ご入金確認後5営業日以内で商品を発送いたします。,不可,会員のみ注文が可能です,,https://www.netsea.jp/shop/339069/B725
71,創意文具★手帳シール★可愛い シール★DIYシール,創意文具★手帳シール★可愛い シール★DIYシール,1点=46枚,■原産国 中国■商品の色はランダム発送となります。,ご入金確認後5営業日以内で商品を発送いたします。,不可,会員のみ注文が可能です,,https://www.netsea.jp/shop/339069/B726
72,創意文具★手帳シール★可愛い シール★DIYシール,創意文具★手帳シール★可愛い シール★DIYシール,1点=46枚,■原産国 中国■商品の色はランダム発送となります。,ご入金確認後5営業日以内で商品を発送いたします。,不可,会員のみ注文が可能です,,https://www.netsea.jp/shop/339069/B727
73,2019★新作アパレル★子供 半袖 Tシャツ★トップス,★新作アパレル★子供 半袖 Tシャツ★トップス,90-130CM,■包装状況：P.P.袋 ■原産国：中国■素材：綿,ご入金確認後５営業日以内で商品を発送いたします。,不可,会員のみ注文が可能です,,https://www.netsea.jp/shop/267769/S11212
74,2019★新作アパレル★子供 長袖 Tシャツ★トップス,★新作アパレル★子供 長袖 Tシャツ★トップス,90-130CM,■包装状況：P.P.袋 ■原産国：中国■素材：綿,ご入金確認後５営業日以内で商品を発送いたします。,不可,会員のみ注文が可能です,,https://www.netsea.jp/shop/267769/S11213
75,2019★新作アパレル★子供 半袖 Tシャツ★トップス,★新作アパレル★子供 半袖 Tシャツ★トップス,"90CM
100CM
110CM",■包装状況：P.P.袋 ■原産国：中国■素材：綿,ご入金確認後５営業日以内で商品を発送いたします。,不可,会員のみ注文が可能です,,https://www.netsea.jp/shop/267769/S11214
76,2019大人気★キッズ用★キッズ女の子トップス　ロンパース　連体服★80cm-120cm,2019大人気★キッズ用★キッズ女の子トップス　ロンパース　連体服★80cm-120cm,,◆原産国:中国,ご入金確認後5日以内商品を発送いたします。,不可,会員のみ注文が可能です,,https://www.netsea.jp/shop/432258/x14832
77,新型★キッズ　ボトムス★キッズ＆女の子　ズボン★ショートパンツ★デニムパンツ,新型★キッズ　ボトムス★キッズ＆女の子　ズボン★ショートパンツ★デニムパンツ,,◆原産国:中国,ご入金確認後5日以内商品を発送いたします。,不可,会員のみ注文が可能です,,https://www.netsea.jp/shop/432258/LC5413
78,2019大人気★キッズ用★キッズ女の子トップス　Tシャツ　七分袖★80cm-120cm,2019大人気★キッズ用★キッズ女の子トップス　Tシャツ　七分袖★80cm-120cm,,◆原産国:中国,ご入金確認後5日以内商品を発送いたします。,不可,会員のみ注文が可能です,,https://www.netsea.jp/shop/432258/x14833
79,2019年新作♪★夏新品★子供服★キッズ服★トップス★子供シャツ★Tシャツ★2色90-130,,◆カラー： 画像通り 　  ◆ サイズ： 画像通り  ※採寸に2-3cmの誤差が生じる場合がございますので、ご了承ください,■素材：コットン ■個別袋入り ■原産国：中国,ご入金確認後5日以内商品を発送いたします。,不可,会員のみ注文が可能です,,https://www.netsea.jp/shop/419051/MP5000
80,2019年新作★夏新品★子供服★子供シャツ★女の子★シャツ★トップス★花柄★可愛い★80-130,,"◆カラー：画像通り
     ※採寸に2-3cmの誤差が生じる場合がございますので、ご了承ください","■素材：シフォン
  ■原産国：中国",ご入金確認後5日以内商品を発送いたします。,不可,会員のみ注文が可能です,,https://www.netsea.jp/shop/419051/MP5001
81,2019年新作★春新品★子供服★子供ズボン★キッズズボン★レギンス★可愛い★5色90-130,,"■カラー：画像通り
   ※採寸に2-3cmの誤差が生じる場合がございますので、ご了承ください",■素材：コットン■原産国：中国,ご入金確認後5日以内商品を発送いたします。,不可,会員のみ注文が可能です,,https://www.netsea.jp/shop/419051/MP5002
82,アクセサリーパーツ ハンドメイド素材 diy資材 人気パーツ デコパーツ おしゃれ,アクセサリーパーツ ハンドメイド素材 diy資材 人気パーツ デコパーツ おしゃれ,"■サイズ：画像通り
■素材：プラスチック
■カラー：1#,2#,3#,4#,5#,6#,7#,8#,9#,10#,11#,12#,13#,14#,15#,16#,17#,18#,19#,20#21#,22#,23#,24#
■原産国：中国",,２万円以上送料無料！ご入金確認後3-5営業日以内商品を配送いたします。,不可,会員のみ注文が可能です,,https://www.netsea.jp/shop/624783/SP1098H
83,デコパーツ 丸カン アクセサリーパーツ 手作り 金属パーツ ピンパーツ ハンドメイド 基礎パーツ,デコパーツ 丸カン アクセサリーパーツ 手作り 金属パーツ ピンパーツ ハンドメイド 基礎パーツ,"■サイズ：5mm、6mm、7mm
■素材：合金
■カラー：ゴールド、シルバー
■原産国：中国",,２万円以上送料無料！ご入金確認後3-5営業日以内商品を配送いたします。,不可,会員のみ注文が可能です,,https://www.netsea.jp/shop/624783/SP1099H
84,アクセサリーパーツ チェリー カン付きパーツ 金属パーツ イヤリング部品 可愛い,アクセサリーパーツ チェリー カン付きパーツ 金属パーツ イヤリング部品 可愛い,"■サイズ：12*18mm
■素材：合金
■カラー： シルバー、ゴールド
■原産国：中国",,２万円以上送料無料！ご入金確認後3-5営業日以内商品を配送いたします。,不可,会員のみ注文が可能です,,https://www.netsea.jp/shop/624783/SP1100H
85,バストメイクジェル　ピンクトップティント,,30ｇ,原材料:水、グリセリン、BG、メチルパーフルオロイソブチルエーテル、ラウレス硫酸Na、ヒアルロン酸Na、ソメイヨシノ葉エキス、ヒメフウロエキス、オウゴン根エキス、アーチチョーク葉エキス、(アクリレーツ/アクリル酸アルキル(C10-30))クロスポリマー、PEG-20ソルビタンココエート、コカミドDEA、グリコシルトレハロース、ココイルグリシンK、水溶性コラーゲン、加水分解水添デンプン、EDTA-4Na、グリチルリチン酸2K、ハチミツ、リンゴ酸、酒石酸、炭酸水素Na、乳酸、ヨーグルト液(牛乳)、プルーン分解物、水酸化K、クエン酸、エチルヘキシルグリセリン、フェノキシエタノール、メチルパラベン、プロピルパラベン、赤102製造国:日本個装サイズ・重量:縦15.3奥行2.7横8.7重量54gケースサイズ・重量:縦20.9奥行30.8横19重量271発売元:三喜工業有限会社製造販売元:サンドマン株式会社賞味期限期間:お肌に異常が生じていないかよく注意して使用してください。,欠品中を除き、3～5営業日 (銀行振込みの場合はご入金後の手配となります),不可,会員のみ注文が可能です,4560162564346,https://www.netsea.jp/shop/3018/N00190878
86,マリンゴールド6years,,２L,個装サイズ(cm)・重量(g):縦8.8奥行10.6横30.6重量2130発売元:株式会社浅川自然食品工業,欠品中を除き、3～5営業日 (銀行振込みの場合はご入金後の手配となります),不可,会員のみ注文が可能です,4988292002239,https://www.netsea.jp/shop/3018/N00401757
87,マリンゴールド6years,,500ml,個装サイズ(cm)・重量(g):縦6奥行6横19重量545発売元:株式会社浅川自然食品工業,欠品中を除き、3～5営業日 (銀行振込みの場合はご入金後の手配となります),不可,会員のみ注文が可能です,4988292002253,https://www.netsea.jp/shop/3018/N00401758
88,スニーカー ハイカット レースアップ 折返し ウェッジソール ミドルヒール 6.0cm (2A.3) JK-1003 ブラック,人気サンダルシリーズ！,画像参照※サイズは測り方によっては多少誤差が生じます。ご了承ください,◆素材：合成繊維・合成皮革,３営業日以内,不可,会員のみ注文が可能です,,https://www.netsea.jp/shop/47013/JK-1003
89,サンダル コンフォート クロスストラップ ウェッジソール ローヒール 3.5cm (2A.1) SC-10038,人気サンダルシリーズ！,画像参照※サイズは測り方によっては多少誤差が生じます。ご了承ください,◆素材：合成繊維・合成皮革,３営業日以内,不可,会員のみ注文が可能です,,https://www.netsea.jp/shop/47013/SC-10038
90,サンダル コンフォート マッジクテープストラップ ウェッジソール ローヒール 3.5cm (2A.1) SC-10039,人気サンダルシリーズ！,画像参照※サイズは測り方によっては多少誤差が生じます。ご了承ください,◆素材：合成繊維・合成皮革,３営業日以内,不可,会員のみ注文が可能です,,https://www.netsea.jp/shop/47013/SC-10039
91,BLHW161514◆5000円以上【送料無料】◆金属チャーム◆レジン枠　空枠　フレーム　蝶々/お魚/透かし花,手芸　DIYアクセサリーパーツ　レジンクラフト　金属チャーム　　ハンドメイド　 UVレジン,,,■■■最小ロット注文数量に満たしていない場合、ご注文は削除されますので、ご注意ください。■■■,不可,取引申請が必要です,161514,https://www.netsea.jp/shop/204207/BLHW161514
92,BLHW161515◆5000円以上【送料無料】◆金属チャーム◆レジン枠　空枠　フレーム　アニマル/透かし花,手芸　DIYアクセサリーパーツ　レジンクラフト　金属チャーム　　ハンドメイド　 UVレジン,,,■■■最小ロット注文数量に満たしていない場合、ご注文は削除されますので、ご注意ください。■■■,不可,取引申請が必要です,161515,https://www.netsea.jp/shop/204207/BLHW161515
93,BLHW161516◆5000円以上【送料無料】◆金属チャーム◆フレーム　和服のアニマル/アイスクリーム,手芸　DIYアクセサリーパーツ　レジンクラフト　金属チャーム　　ハンドメイド　 UVレジン　空枠　,,,■■■最小ロット注文数量に満たしていない場合、ご注文は削除されますので、ご注意ください。■■■,不可,取引申請が必要です,161516,https://www.netsea.jp/shop/204207/BLHW161516
94,イロいろバナナスクイーズ　BCミニ,,"4種アソート　 
2ｘ2ｘ6.5ｃｍ",,,不可,会員のみ注文が可能です,,https://www.netsea.jp/shop/15064/0510-95-8559
95,ミニオンズバナナマスコット,,"6種アソート　 
7ｘ7.5ｃｍ",,,不可,会員のみ注文が可能です,,https://www.netsea.jp/shop/15064/0510-34-8560
96,のび～るBANANA,,"3種アソート　 
18.5ｘ5.5ｘ5ｃｍ",,,不可,会員のみ注文が可能です,,https://www.netsea.jp/shop/15064/0510-11-8561
97,ユンケルローヤルD 50ml (医薬部外品) 使用期限2021.10.31,,50ml,原材料：ニンジン流エキス600mg、黄精流エキス300mg、セイヨウサンザシエキス20mg、リュウガンニクエキス90mg、ニクジュヨウエキス14mg、ローヤルゼリー150mg、ビタミンB2リン酸エステル5mg、ビタミンE酢酸エステル10mg、タウリン300mg、無水カフェイン50mg,2～５営業日程度での出荷予定,不可,取引申請が必要です,4987316030494,https://www.netsea.jp/shop/417055/4987316030494
98,佐藤製薬 ユンケル ローヤル100 100ml 使用期限2021.08.31,,100ml,"原材料
・ローヤルゼリー　50mg　・タウリン　1000mg　・ビタミンＢ１硝酸塩　10mg　・ビタミンＢ２リン酸エステル　5mg　・ビタミンＢ６　10mg　・ニコチン酸アミド　20mg　・無水カフェイン　50mg　・アルコール　0.99ml以下",2～５営業日程度での出荷予定,不可,取引申請が必要です,4987316037073,https://www.netsea.jp/shop/417055/4987316037073
99,イチビキ ストレート 豚みそちゃんこ鍋つゆ 750g 賞味期限2019.12.09以降,,750g,メーカー：イチビキ,２～5営業日程度での出荷予定,不可,会員のみ注文が可能です,4901011575159,https://www.netsea.jp/shop/417055/4901011575159
100,Schuco/シュコー オペル ブリッツ レーシングトランスポーター Porsche,Schuco/シュコー オペル ブリッツ レーシングトランスポーター Porsche,【スケール】 1/18,レジン製/完成品,３営業日以内,不可,会員のみ注文が可能です,4007864000845,https://www.netsea.jp/shop/53186/450008400
101,Schuco/シュコー BMW イセッタ エクスポート レッド/ベージュ,Schuco/シュコー BMW イセッタ エクスポート レッド/ベージュ,【スケール】 1/18,ダイキャスト製/完成品,３営業日以内,不可,会員のみ注文が可能です,4007864001781,https://www.netsea.jp/shop/53186/450041000
102,Schuco/シュコー BMW イセッタ エクスポート ブルー/グレー,Schuco/シュコー BMW イセッタ エクスポート ブルー/グレー,【スケール】 1/18,ダイキャスト製/完成品,３営業日以内,不可,会員のみ注文が可能です,4007864001798,https://www.netsea.jp/shop/53186/450041100
103,サロベット ロンパース通勤 パンツ   レディース 新作 二次会 通勤 パーティー,,,,基本7営業日以内に出荷致します。但し、在庫と生産状況によって2週間前後かかる場合もございます。,応相談,会員のみ注文が可能です,,https://www.netsea.jp/shop/372702/u14097-c5-089-HT-z
104,ワンピース チュニック  新作   ドレス ミドル丈  ワンピ  レディース  party SALE　商品動画あり,,,,基本7営業日以内に出荷致します。但し、在庫と生産状況によって2週間前後かかる場合もございます。,応相談,会員のみ注文が可能です,,https://www.netsea.jp/shop/372702/u14098-c2-0115-HT-z
105,ワンピース チュニック  新作   ドレス マキシ丈  ワンピ  レディース  party SALE　,,,,基本7営業日以内に出荷致します。但し、在庫と生産状況によって2週間前後かかる場合もございます。,応相談,会員のみ注文が可能です,,https://www.netsea.jp/shop/372702/u14099-c2-0138-HT-z
106,ビーチサンダル★レディースファッション★スリッパ★人気シューズ ★街歩き リラックス,ビーチサンダル★レディースファッション★スリッパ★人気シューズ ★街歩き リラックス,ヒール高さ：6.5ｃｍ～7ｃｍ◆サイズタグ35 適合22.5cmタグ36 適合23cmタグ37 適合23.5cmタグ38 適合24cmタグ39 適合24.5cm◆,◆原産国：中国,ご入金確認後5日以内商品を発送いたします。,不可,会員のみ注文が可能です,,https://www.netsea.jp/shop/382272/33148q
107,３色★ビーチサンダル★レディースファッション★スリッパ★人気シューズ ★街歩き リラックス,ビーチサンダル★レディースファッション★スリッパ★人気シューズ ★街歩き リラックス,ヒール高さ：6.5ｃｍ～7ｃｍ◆サイズタグ35 適合22.5cmタグ36 適合23cmタグ37 適合23.5cmタグ38 適合24cmタグ39 適合24.5cm◆,◆原産国：中国,ご入金確認後5日以内商品を発送いたします。,不可,会員のみ注文が可能です,,https://www.netsea.jp/shop/382272/33149q
108,３色★ビーチサンダル★レディースファッション★スリッパ★人気シューズ ★街歩き リラックス,ビーチサンダル★レディースファッション★スリッパ★人気シューズ ★街歩き リラックス,ヒール高さ：6.5ｃｍ～7ｃｍ◆サイズタグ35 適合22.5cmタグ36 適合23cmタグ37 適合23.5cmタグ38 適合24cmタグ39 適合24.5cm◆,◆原産国：中国,ご入金確認後5日以内商品を発送いたします。,不可,会員のみ注文が可能です,,https://www.netsea.jp/shop/382272/33150q
109,子供用品★知育玩具★おもちゃ・ホビー★聴力に有益であり★手握り楽器遊び★,子供用品★知育玩具★おもちゃ・ホビー★聴力に有益であり★手握り楽器遊び★,◆年齢対象：子供,◆原産国：中国,ご入金確認後5日以内商品を発送いたします。,不可,会員のみ注文が可能です,,https://www.netsea.jp/shop/377590/w18192
110,子供用品★知育玩具★おもちゃ・ホビー★聴力に有益であり★手握り楽器遊び★,子供用品★知育玩具★おもちゃ・ホビー★聴力に有益であり★手握り楽器遊び★,◆年齢対象：子供,◆原産国：中国,ご入金確認後5日以内商品を発送いたします。,不可,会員のみ注文が可能です,,https://www.netsea.jp/shop/377590/w18193
111,★春夏新品★大人気　キッズファション★ 帽子★日除け帽,★春夏新品★大人気　キッズファション★ 帽子★日除け帽,◆サイズ約：子供用45cm,◆原産国：中国,ご入金確認後5日以内商品を発送いたします。,不可,会員のみ注文が可能です,,https://www.netsea.jp/shop/377590/w18194
112,結婚式 贅沢なパーティードレス お呼ばれ ワンピース 司会 披露宴 ウェディングドレススリット,,"ご来店いただいて誠にありがとうございます。
カラー：写真参考
サイズ：写真通り
【素　材】素材：ポリエステル、

【注意事項】
※モデルに小物を使う場合がございますが、商品には含まれませんのでご了承下さい。
※お品物の色合いは、写真撮影、パソコン画面表示等の環境の違いにより。
※装飾品はついておりませんのでご了承ください。
※サイズは平置きでの実寸になっております。1-3cmの誤差がある場合があります。
※縫製技術などによるゆがみ・多少の糸が出ている、糸の始末(縫製時の切り残し）、染色剤の臭いがする等ございます場合、返品・交換をお受け出来かねます。
※初期不良や弊社都合による著しい発送遅延などが発生した場合は、未使用の商品のみ到着日から48時間以内にご連絡頂ければご返金、交換対応させて頂きます。",,,800円,不可,会員のみ注文が可能です,https://www.netsea.jp/shop/415156/a-1952
113,不規則ワンピース 司会 結婚式 パーティードレス お呼ばれ 披露宴 ウェディングドレス ボートネック,,"ご来店いただいて誠にありがとうございます。
カラー：写真参考
サイズ：写真通り
【素　材】素材：ポリエステル、

【注意事項】
※モデルに小物を使う場合がございますが、商品には含まれませんのでご了承下さい。
※お品物の色合いは、写真撮影、パソコン画面表示等の環境の違いにより。
※装飾品はついておりませんのでご了承ください。
※サイズは平置きでの実寸になっております。1-3cmの誤差がある場合があります。
※縫製技術などによるゆがみ・多少の糸が出ている、糸の始末(縫製時の切り残し）、染色剤の臭いがする等ございます場合、返品・交換をお受け出来かねます。
※初期不良や弊社都合による著しい発送遅延などが発生した場合は、未使用の商品のみ到着日から48時間以内にご連絡頂ければご返金、交換対応させて頂きます。",,,800円,不可,会員のみ注文が可能です,https://www.netsea.jp/shop/415156/a-1953
114,マーメイドワンピース 司会 結婚式 パーティードレス お呼ばれ 披露宴 ウェディングドレス Vネック,,"ご来店いただいて誠にありがとうございます。
カラー：写真参考
サイズ：写真通り
【素　材】素材：ポリエステル、

【注意事項】
※モデルに小物を使う場合がございますが、商品には含まれませんのでご了承下さい。
※お品物の色合いは、写真撮影、パソコン画面表示等の環境の違いにより。
※装飾品はついておりませんのでご了承ください。
※サイズは平置きでの実寸になっております。1-3cmの誤差がある場合があります。
※縫製技術などによるゆがみ・多少の糸が出ている、糸の始末(縫製時の切り残し）、染色剤の臭いがする等ございます場合、返品・交換をお受け出来かねます。
※初期不良や弊社都合による著しい発送遅延などが発生した場合は、未使用の商品のみ到着日から48時間以内にご連絡頂ければご返金、交換対応させて頂きます。",,,800円,不可,会員のみ注文が可能です,https://www.netsea.jp/shop/415156/a-1954
115,パーティードレス 二次会 結婚式 披露宴 演奏会 舞台衣装 ロングドレス 年会ドレス ブルードレス,,"サイズ表
▼素材：ポリエステル 
▼カラー：写真色 
▼注意事項： ※モニターの発色の具合によって実際のものと色が異なる場合がございます。実際の商品に近いカラーはカラーバリエーションをご参考にしてください。 ※洗濯時は色物と避けて洗濯してください。 ※初期不良品以外、イメージ、サイズや色の感じ違いの理由など、キャンセルや返品はお受けることができません。ご了承下さいませ。 
▼サイズ： 
 ▼サイズ： 
XS：バスト80cm　ウエスト63cm　身長160-170cm 
S: バスト83cm　ウエスト66cm　身長160-170cm
M: バスト86cm　ウエスト70cm　身長160-170cm 
L: バスト90cm　ウエスト73cm　身長160-170cm 
XL: バスト93cm　ウエスト76cm　身長160-170cm 
2XL:バスト96cm　ウエスト80cm　身長160-170cm 
3XL:バスト100cm ウエスト83cm　身長160-170cm
※表記寸法と実寸値の多少の誤差はご容赦ください","■素材 ポリエステルなど
■卸大歓迎！",ご入金確認後、30営業日以内に発送いたします。（土日祝除）,不可,会員のみ注文が可能です,,https://www.netsea.jp/shop/515572/20190509001
116,パーティードレス 二次会 結婚式 披露宴 演奏会 舞台衣装 ロングドレス 星空ドレス ブルードレス,,"サイズ表
▼素材：ポリエステル 
▼カラー：写真色 
▼注意事項： ※モニターの発色の具合によって実際のものと色が異なる場合がございます。実際の商品に近いカラーはカラーバリエーションをご参考にしてください。 ※洗濯時は色物と避けて洗濯してください。 ※初期不良品以外、イメージ、サイズや色の感じ違いの理由など、キャンセルや返品はお受けることができません。ご了承下さいませ。 
▼サイズ： 
 ▼サイズ： 
XS：バスト80cm　ウエスト63cm　身長160-170cm 
S: バスト83cm　ウエスト66cm　身長160-170cm
M: バスト86cm　ウエスト70cm　身長160-170cm 
L: バスト90cm　ウエスト73cm　身長160-170cm 
XL: バスト93cm　ウエスト76cm　身長160-170cm 
2XL:バスト96cm　ウエスト80cm　身長160-170cm 
3XL:バスト100cm ウエスト83cm　身長160-170cm
※表記寸法と実寸値の多少の誤差はご容赦ください","■素材 ポリエステルなど
■卸大歓迎！",ご入金確認後、30営業日以内に発送いたします。（土日祝除）,不可,会員のみ注文が可能です,,https://www.netsea.jp/shop/515572/20190509002
117,中国風ウェディングドレスチャイナ風コスプレ衣装中華服・舞台ステージイベント結婚式,,"サイズ表
▼素材：ポリエステル 
▼カラー：写真色 
▼注意事項： ※モニターの発色の具合によって実際のものと色が異なる場合がございます。実際の商品に近いカラーはカラーバリエーションをご参考にしてください。 ※洗濯時は色物と避けて洗濯してください。 ※初期不良品以外、イメージ、サイズや色の感じ違いの理由など、キャンセルや返品はお受けることができません。ご了承下さいませ。 
▼サイズ： 
 ▼サイズ： 

Sバスト（84cm）　ウエスト（70cm） 
Mバスト（88cm）　ウエスト（73cm） 
Lバスト（92cm）　ウエスト（76cm） 
XLバスト（96cm）　ウエスト（79cm） 
XXLバスト（100cm）　ウエスト（82cm） 
XXXLバスト（104cm）　ウエスト（85cm） 

※表記寸法と実寸値の多少の誤差はご容赦ください","■素材 ポリエステルなど
■卸大歓迎！",ご入金確認後、30営業日以内に発送いたします。（土日祝除）,不可,会員のみ注文が可能です,,https://www.netsea.jp/shop/515572/20190509003
118,【ファッション新品】　携帯電話ケース　iPhoneカバー　iPhone全機種対応　保護　ガラスの殻　中国風,【ファッション新品】　携帯電話ケース　iPhoneカバー　iPhone全機種対応　保護　ガラスの殻　中国風,▶対応機種：iPhone X 、iPhone XS、iPhone XR、iPhone XS MAX、iPhone 7/8、iPhone 7 / 8 Plus、iPhone 6 / 6S、iPhone 6 / 6S Plus,"▶原産地：中国
▶材質：TPU＋ＰＣ+ガラスの殻
▶状態：新品未使用",,不可,会員のみ注文が可能です,,https://www.netsea.jp/shop/596737/15906382
119,【ファッション新品】　携帯電話ケース　iPhoneカバー　iPhone全機種対応　保護　ガラスの殻　中国風,【ファッション新品】　携帯電話ケース　iPhoneカバー　iPhone全機種対応　保護　ガラスの殻　中国風,▶対応機種：iPhone X 、iPhone XS、iPhone XR、iPhone XS MAX、iPhone 7/8、iPhone 7 / 8 Plus、iPhone 6 / 6S、iPhone 6 / 6S Plus,"▶原産地：中国
▶材質：TPU＋ＰＣ+ガラスの殻
▶状態：新品未使用",,不可,会員のみ注文が可能です,,https://www.netsea.jp/shop/596737/15907622
120,【ファッション新品】　携帯電話ケース　iPhoneカバー　iPhone全機種対応　保護　ファッション　中国風,【ファッション新品】　携帯電話ケース　iPhoneカバー　iPhone全機種対応　保護　ファッション　中国風,▶対応機種：iPhone X 、iPhone XS、iPhone XR、iPhone XS MAX、iPhone 7/8、iPhone 7 / 8 Plus、iPhone 6 / 6S、iPhone 6 / 6S Plus,"▶原産地：中国
▶材質：TPU
▶状態：新品未使用",,不可,会員のみ注文が可能です,,https://www.netsea.jp/shop/596737/15908730
121,●☆コカ・コーラ からだ巡茶 ジャスミン PET 410ml×24本 × 1ケース　47384,メーカー直送品だから賞味期限が最長！最大！MAXの安心！【全国どこでも送料無料】,,,入金確認後、５営業日以内に出荷,0円,可能,会員のみ注文が可能です,https://www.netsea.jp/shop/100791/4902102128223-1f
122,●☆コカ・コーラ からだ巡茶 ジャスミン PET 410ml×48本(24本×2ケース)　47387,メーカー直送品だから賞味期限が最長！最大！MAXの安心！【全国どこでも送料無料】,,,入金確認後、５営業日以内に出荷,0円,可能,会員のみ注文が可能です,https://www.netsea.jp/shop/100791/4902102128223-2f
123,●コカ・コーラ からだ巡茶 ジャスミン PET 410ml×24本 × 1ケース　47384,コカコーラ社のドリンクが激安！メーカー直送だから賞味期限最大でお届け！,,,入金確認後、５営業日以内に出荷,756円,可能,会員のみ注文が可能です,https://www.netsea.jp/shop/100791/4902102128223-1
124,格安!66-73-80-90-100セット★ベビー★キッズ服★INS春夏アメリカン★花柄刺繍★スカート付ロンパース,B92H24,素材：95％コットン　　　　重 0.135 kg,,２万円以上で送料無料！当社が出品していないお客様ご希望の商材を仕入れなども承ります。,不可,会員のみ注文が可能です,9224,https://www.netsea.jp/shop/336980/B92H24
125,格安!66-73-80-90-100セット★ベビー★キッズ服★INS春夏アメリカン★半袖フリル★ロンパース,B92H30,素材：95％コットン　　　　重0.135kg,,２万円以上で送料無料！当社が出品していないお客様ご希望の商材を仕入れなども承ります。,不可,会員のみ注文が可能です,9230,https://www.netsea.jp/shop/336980/B92H30
126,格安!66-73-80-90-100セット★ベビー★キッズ服★INS春夏アメリカン★花柄刺繍★スカート付ロンパース,B92H50,素材：95％コットン　　　　重 0.135 kg,,２万円以上で送料無料！当社が出品していないお客様ご希望の商材を仕入れなども承ります。,不可,会員のみ注文が可能です,9250,https://www.netsea.jp/shop/336980/B92H50
127,ブラジル産 天然石 スーパーセブン ブレスレット 約10mm 《SION パワーストーン 天然石》,パワーストーン・天然石の卸販売ならＳＩＯＮ。シオン。,内周：約17cm素材：ブラジル産 スーパーセブン,,３営業日以内,不可,取引申請が必要です,,https://www.netsea.jp/shop/346610/T2-20-72
128,ブラジル産 天然石 スーパーセブン ブレスレット 約10mm 《SION パワーストーン 天然石》,パワーストーン・天然石の卸販売ならＳＩＯＮ。シオン。,内周：約17cm素材：ブラジル産 スーパーセブン,,３営業日以内,不可,取引申請が必要です,,https://www.netsea.jp/shop/346610/T2-20-73
129,ブラジル産 天然石 スーパーセブン ブレスレット 約10mm 《SION パワーストーン 天然石》,パワーストーン・天然石の卸販売ならＳＩＯＮ。シオン。,内周：約17cm素材：ブラジル産 スーパーセブン,,３営業日以内,不可,取引申請が必要です,,https://www.netsea.jp/shop/346610/T2-20-74
130,【粋な男の靴下】紳士　綿混　和柄　足袋ソックス（かかと付）,,25-27cm,ポリエステル・綿・ポリウレタン中国製,翌営業日出荷,不可,会員のみ注文が可能です,,https://www.netsea.jp/shop/85253/6834596
131,【通気性の良い夏靴下】紳士　吸水速乾　メッシュ編み　ミドル丈ソックス,,25-27cm,ポリエステル・ポリウレタン中国製,翌営業日出荷,不可,会員のみ注文が可能です,,https://www.netsea.jp/shop/85253/6834605
132,【スポーツに最適】紳士　吸水速乾　ランニング　5本指ショート丈ソックス【Wサポート】,,25-27cm,ポリエステル・ポリウレタン中国製,翌営業日出荷,不可,会員のみ注文が可能です,,https://www.netsea.jp/shop/85253/6834611
133,2019年夏子供服キッズワンピース　女の子　チュールワンピース　リボン付き80CM-110CM,2019夏新作,"2T/80CM：着丈51CM胸囲28CM*2
3T/90CM：着丈53CM 胸囲29CM*2
4T/100CM：着丈55CM 胸囲31CM*2
5T/110CM：着丈58CM 胸囲33CM*2","★素材：棉　ポリエステル
★生産地：中国製
★包装状況：P.P.袋",こちらの商品は予約販売でございます、出荷は2週間営業日目安になります。,不可,取引申請が必要です,,https://www.netsea.jp/shop/531732/905224
134,2019年夏子供服キッズワンピース　女の子　シフォンワンピース　無袖　花柄80CM-120CM,2019夏新作,"2T/80CM：着丈50CM胸囲27CM*2
3T/90CM：着丈52CM 胸囲29CM*2
4T/100CM：着丈54CM 胸囲30CM*2
5T/110CM：着丈56CM 胸囲31CM*2
6T/120ｃｍ：着丈58CM胸囲32CM*2","★素材：棉　ポリエステル
★生産地：中国製
★包装状況：P.P.袋",こちらの商品は予約販売でございます、出荷は2週間営業日目安になります。,不可,取引申請が必要です,,https://www.netsea.jp/shop/531732/905225
135,2019年夏子供服キッズワンピース　女の子ワンピース　刺繍　可愛い　猫80CM-110CM,2019夏新作,"2T/80CM：着丈47CM胸囲25CM*2
3T/90CM：着丈49CM 胸囲26CM*2
4T/100CM：着丈51CM 胸囲27CM*2
5T/110CM：着丈53CM 胸囲28CM*2","★素材：棉　ポリエステル
★生産地：中国製
★包装状況：P.P.袋",こちらの商品は予約販売でございます、出荷は2週間営業日目安になります。,不可,取引申請が必要です,,https://www.netsea.jp/shop/531732/905226
136,クリアショルダーバッグ/sb-586,クリアショルダーバッグ,【カラー】ブラック ライム オレンジ【サイズ】横22.4cm 高さ27.0cm【素材】ポリエステル(注意事項)ご覧になっているモニター・PC環境により実際の商品と色味がことなって見える場合がございます。,,【入荷待ち】1ヶ月前後で発送致します。,不可,予約受付となります,,https://www.netsea.jp/shop/205992/sb-586
137,2トーンボストンバッグ/sb-596,2トーンボストンバッグ,【カラー】ブラック ダークブラウン キャメル【サイズ】横49.0cm 高さ28.5cm マチ25.5cm【素材】合成皮革(注意事項)ご覧になっているモニター・PC環境により実際の商品と色味がことなって見える場合がございます。,,【入荷待ち】1ヶ月前後で発送致します。,不可,予約受付となります,,https://www.netsea.jp/shop/205992/sb-596
138,フロントZIPバックパック/sb-597,フロントZIPバックパック,【カラー】ブラック グレー【サイズ】横31.5cm 高さ45.0cm マチ19.0cm【素材】PVCナイロン(注意事項)ご覧になっているモニター・PC環境により実際の商品と色味がことなって見える場合がございます。,,【入荷待ち】1ヶ月前後で発送致します。,不可,予約受付となります,,https://www.netsea.jp/shop/205992/sb-597
139,レディース靴下 レース フェイク ソックス 脱げ防止の 爽やかなフットカバー 春夏秋,抗菌防臭加工 美ライン すべり止め 浅履き 脱げ防止 ソックス,"★【カラー】カラー 
　クロ　シロ　 グレー　ベージュ　
★【素材】ナイロン、コットン 
★【サイズ】フリーサイズ(34-39) 
★原産国：中国",,基本7営業日以内に出荷致します。但し、在庫と生産状況によって2週間前後かかる場合もございます。,応相談,会員のみ注文が可能です,,https://www.netsea.jp/shop/451058/m13363-c902-as-M
140,レディース靴下 レース フェイク ソックス 脱げ防止の 爽やかなフットカバー 春夏秋,抗菌防臭加工 美ライン すべり止め 浅履き 脱げ防止 ソックス,"★【カラー】カラー 
　クロ　シロ　 グレー　 ピンク       ベージュ　
★【素材】ナイロン、コットン 
★【サイズ】フリーサイズ(34-39) 
★原産国：中国",,基本7営業日以内に出荷致します。但し、在庫と生産状況によって2週間前後かかる場合もございます。,応相談,会員のみ注文が可能です,,https://www.netsea.jp/shop/451058/m13364-c902-as-M
141,レディース靴下 レース フェイク ソックス 脱げ防止の 爽やかなフットカバー 春夏秋,抗菌防臭加工 美ライン すべり止め 浅履き 脱げ防止 ソックス,"★【カラー】カラー 
　クロ　シロ　 グレー　 ピンク       ベージュ　
★【素材】ナイロン、コットン 
★【サイズ】フリーサイズ(34-39) 
★原産国：中国",,基本7営業日以内に出荷致します。但し、在庫と生産状況によって2週間前後かかる場合もございます。,応相談,会員のみ注文が可能です,,https://www.netsea.jp/shop/451058/m13365-c902-as-M
142,【日本製】煌 ダブルファイバーライン24cm IH対応フライパン,,"244×463×110mm
板厚1.6mm
重量/約970g","日本製
ガス火、IH100V、IH200V対応",,不可,取引申請が必要です,,https://www.netsea.jp/shop/596898/WFK24
143,【日本製】煌 ダブルファイバーライン20cm IH対応フライパン,,"202×416×120mm
板厚1.6mm
重量/約770g","日本製
ガス火、IH100V、IH200V対応",,840円,不可,取引申請が必要です,https://www.netsea.jp/shop/596898/WFK20
144,【日本製】煌 ダブルファイバーライン26cm IH対応フライパン,,"264×483×110mm
板厚1.6mm
重量/約1130g","日本製
ガス火、IH100V、IH200V対応",,840円,不可,取引申請が必要です,https://www.netsea.jp/shop/596898/WFK26
145,【海外買付】人気トップスv-cj27b-6140【2019春夏新作】レディース/シャツ/可愛い,,F:着丈68バスト112★商品写真はできる限り実物の色に近づけるよう加工しておりますが、お様が使用するパソコンのモニター設定や部屋の照明により多少、色の変化が感じられる場合がございます。,,2週間前後で納品致します。 ※但し、商品によっては最悪1か月かかる場合もございます,不可,会員のみ注文が可能です,,https://www.netsea.jp/shop/39263/v-cj27b-6140
146,【海外買付】人気ワンピースv-ba07a-5033【2019春夏新作】レディース/シンプル/可愛い,,F:着丈78バスト66商品写真はできる限り実物の色に近づけるよう加工しておりますが、お客様が使用するパソコンのモニター設定や部屋の照明により多少、色の変化が感じられる場合がございます。,,2週間前後で納品致します。 ※但し、商品によっては最悪1か月かかる場合もございます,不可,会員のみ注文が可能です,,https://www.netsea.jp/shop/39263/v-ba07a-5033
147,【海外買付】人気トップスv-b716-8745【2019春夏新作】レディース/シャツ/可愛い,,F:着丈75バスト126★商品写真はできる限り実物の色に近づけるよう加工しておりますが、お様が使用するパソコンのモニター設定や部屋の照明により多少、色の変化が感じられる場合がございます。,,2週間前後で納品致します。 ※但し、商品によっては最悪1か月かかる場合もございます,不可,会員のみ注文が可能です,,https://www.netsea.jp/shop/39263/v-b716-8745
148,子供シャツ　キッズ服　夏　ブラウス　 トップス　男の子　女の子　ベスト　ｔシャツ　カジュアル系,子供服　 トップス,"材質：コットン ポリエステル 色：オレンジｔシャツ、グリーンｔシャツ、ベージュｔシャツ、ホワイトベスト、ピンクベスト、グリーンベスト 
サイズ：
80：着丈36.5、バスト33、袖丈6.5、参考身長75-85
90：着丈38.5、バスト34.5、袖丈7、参考身長85-95
100：着丈40.5、バスト36、袖丈7.5、参考身長95-105
110：着丈42.5、バスト37.5、袖丈8、参考身長105-115
120：着丈44.5、バスト39、袖丈8.5、参考身長115-125
※平置き採寸となりますので、1-2cmの誤差についてはご容赦下さい。",,基本5-7営業日以内品物を発送致します。但し、在庫状況により2週間前後かかる場合もございます。,不可,取引申請が必要です,,https://www.netsea.jp/shop/451888/n16ettx283
149,パンツ　子供服　新作　キッズ　パンツ　定番　ゆったり　男の子　ボトムス　カジュアル系,子供　カジュアルパンツ,材質：コットン　ポリエステル 色：イェロー、ベージュ、グリーン、オレンジ、ブラック,,基本3-7営業日以内品物を発送致します。但し、在庫状況により2週間前後かかる場合もございます。,不可,取引申請が必要です,,https://www.netsea.jp/shop/451888/nb1616tk162
150,子供シャツ　キッズ服　夏　ブラウス　 トップス　男の子　女の子ｔシャツ　カジュアル系,子供服　 トップス,"材質：コットン ポリエステル 色：ピンク、イエロー、グレー、ブルー、ベージュ 
サイズ：
80：着丈32、バスト28
90：着丈35、バスト29
100：着丈38、バスト30
110：着丈41、バスト32
120：着丈45、バスト33
※平置き採寸となりますので、1-2cmの誤差についてはご容赦下さい。",,基本5-7営業日以内品物を発送致します。但し、在庫状況により2週間前後かかる場合もございます。,不可,取引申請が必要です,,https://www.netsea.jp/shop/451888/n16ettx284
151,【令和記念価格かぶせ結び】女性浴衣帯・職人最高仕立て。,浴衣作り帯　/　浴衣帯　/　女性浴衣帯　/　作り帯,作り帯の部分：幅　約３５ｃｍ、たて　約２０ｃｍ。,ポリエステル　１００％。日本製。,,可能,会員のみ注文が可能です,,https://www.netsea.jp/shop/291306/biw118
152,【令和記念価格かぶせ結び】女性浴衣帯・職人最高仕立て。,浴衣作り帯　/　浴衣帯　/　女性浴衣帯　/　作り帯,作り帯の部分：幅　約３５ｃｍ、たて　約２０ｃｍ。,ポリエステル　１００％。日本製。,,可能,会員のみ注文が可能です,,https://www.netsea.jp/shop/291306/biw119
153,【令和記念価格かぶせ結び】女性浴衣帯・職人最高仕立て。,浴衣作り帯　/　浴衣帯　/　女性浴衣帯　/　作り帯,作り帯の部分：幅　約３５ｃｍ、たて　約２０ｃｍ。,ポリエステル　１００％。日本製。,,可能,会員のみ注文が可能です,,https://www.netsea.jp/shop/291306/biw120
154,Tシャツ RING MICXXX HANDS メンズ レディース サーフプリントTシャツ メンズTシャツ,「薄すぎず、厚すぎない」 トレンドを意識したスタイリッシュシルエット,"【MEN'S】 
S：着丈 65cm / 身幅 49cm / 肩幅 42cm / 袖丈 19cm 
M：着丈 69cm / 身幅 52cm / 肩幅 46cm / 袖丈 20cm 
L：着丈 73cm / 身幅 55cm / 肩幅 50cm / 袖丈 22cm 
XL：着丈 77cm / 身幅 58cm / 肩幅 54cm / 袖丈 24cm 
※サイズ感が大きめの為、ワンサイズ下をオススメします。 

【LADY'S】 
G-S：着丈 59cm / 身幅 43cm / 肩幅 36cm / 袖丈 16cm 
G-M：着丈 62cm / 身幅 46cm / 肩幅 39cm / 袖丈 17cm 
G-L：着丈 65cm / 身幅 49cm / 肩幅 42cm / 袖丈 18cm 
※レディースのみ型が変わります。 

【KID'S】 
140：着丈 55cm / 身幅 40cm / 袖丈 17cm 
150：着丈 59cm / 身幅 43cm / 袖丈 19cm 
160：着丈 62cm / 身幅 45cm / 袖丈 20cm",,ご注文より10日前後,不可,会員のみ注文が可能です,,https://www.netsea.jp/shop/381106/trnm-006
155,Tシャツ CHAMPAGNE MICXXX HANDS メンズ レディース サーフプリントTシャツ メンズTシャツ,「薄すぎず、厚すぎない」 トレンドを意識したスタイリッシュシルエット,"【MEN'S】 
S：着丈 65cm / 身幅 49cm / 肩幅 42cm / 袖丈 19cm 
M：着丈 69cm / 身幅 52cm / 肩幅 46cm / 袖丈 20cm 
L：着丈 73cm / 身幅 55cm / 肩幅 50cm / 袖丈 22cm 
XL：着丈 77cm / 身幅 58cm / 肩幅 54cm / 袖丈 24cm 
※サイズ感が大きめの為、ワンサイズ下をオススメします。 

【LADY'S】 
G-S：着丈 59cm / 身幅 43cm / 肩幅 36cm / 袖丈 16cm 
G-M：着丈 62cm / 身幅 46cm / 肩幅 39cm / 袖丈 17cm 
G-L：着丈 65cm / 身幅 49cm / 肩幅 42cm / 袖丈 18cm 
※レディースのみ型が変わります。 

【KID'S】 
140：着丈 55cm / 身幅 40cm / 袖丈 17cm 
150：着丈 59cm / 身幅 43cm / 袖丈 19cm 
160：着丈 62cm / 身幅 45cm / 袖丈 20cm",,ご注文より10日前後,不可,会員のみ注文が可能です,,https://www.netsea.jp/shop/381106/trnm-007
156,Tシャツ CREDIT CARD MICXXX HANDS メンズ レディース サーフプリントTシャツ メンズTシャツ,「薄すぎず、厚すぎない」 トレンドを意識したスタイリッシュシルエット,"【MEN'S】 
S：着丈 65cm / 身幅 49cm / 肩幅 42cm / 袖丈 19cm 
M：着丈 69cm / 身幅 52cm / 肩幅 46cm / 袖丈 20cm 
L：着丈 73cm / 身幅 55cm / 肩幅 50cm / 袖丈 22cm 
XL：着丈 77cm / 身幅 58cm / 肩幅 54cm / 袖丈 24cm 
※サイズ感が大きめの為、ワンサイズ下をオススメします。 

【LADY'S】 
G-S：着丈 59cm / 身幅 43cm / 肩幅 36cm / 袖丈 16cm 
G-M：着丈 62cm / 身幅 46cm / 肩幅 39cm / 袖丈 17cm 
G-L：着丈 65cm / 身幅 49cm / 肩幅 42cm / 袖丈 18cm 
※レディースのみ型が変わります。 

【KID'S】 
140：着丈 55cm / 身幅 40cm / 袖丈 17cm 
150：着丈 59cm / 身幅 43cm / 袖丈 19cm 
160：着丈 62cm / 身幅 45cm / 袖丈 20cm",,ご注文より10日前後,不可,会員のみ注文が可能です,,https://www.netsea.jp/shop/381106/trnm-012
157,2019 春夏新作 キッズ女の子   大人　原宿系 ワンピース,ＨＩＰＨＯＰ系・ストリート系・原宿系商品ならTREND9,【サイズ】110~160  ※詳細はサイズ表記をご参考下さい。   ※自社採寸のためサイズ表記と誤差が生じる場合がございます。,【素材】COTTON/　      ※各お客様モニターの発色具合により実物のカラーと異なって見える場合がございます。  【原産国】中国  ※海外生産のため国内生産の縫製基準とは異なりますことをご了承下さいませ。,◆代引き・クレジット→５～８営業日前後で出荷◆銀行振込→入金確認後に発注、５～８営業日前後で出荷,不可,取引申請が必要です,,https://www.netsea.jp/shop/531609/KS097
158,2019 春夏新作 キッズ女の子   大人　原宿系 ワンピース,ＨＩＰＨＯＰ系・ストリート系・原宿系商品ならTREND9,【サイズ】110~160  ※詳細はサイズ表記をご参考下さい。   ※自社採寸のためサイズ表記と誤差が生じる場合がございます。,【素材】COTTON/　      ※各お客様モニターの発色具合により実物のカラーと異なって見える場合がございます。  【原産国】中国  ※海外生産のため国内生産の縫製基準とは異なりますことをご了承下さいませ。,◆代引き・クレジット→５～８営業日前後で出荷◆銀行振込→入金確認後に発注、５～８営業日前後で出荷,不可,取引申請が必要です,,https://www.netsea.jp/shop/531609/KS098
159,2019 春夏新作 ワンピース ダンス  キッズ女の子  　原宿系 半袖 ストリート系,ＨＩＰＨＯＰ系・ストリート系・原宿系商品ならTREND9,【サイズ】120~160  ※詳細はサイズ表記をご参考下さい。   ※自社採寸のためサイズ表記と誤差が生じる場合がございます。,【素材】COTTON/　      ※各お客様モニターの発色具合により実物のカラーと異なって見える場合がございます。  【原産国】中国  ※海外生産のため国内生産の縫製基準とは異なりますことをご了承下さいませ。,◆代引き・クレジット→５～８営業日前後で出荷◆銀行振込→入金確認後に発注、５～８営業日前後で出荷,不可,取引申請が必要です,,https://www.netsea.jp/shop/531609/KS099
160,ワンピース ノースリーブ  オシャレ花柄  パーティー オフィス 二次会 2019夏新作  エレガント,,"サイズ：

画像の通り

測り方によって、誤差は1-3cmがございます。",素材：ポリエステル     製造：中国,入金確認後翌日～5日内発送です。,不可,取引申請が必要です,,https://www.netsea.jp/shop/541057/slm1905-017
161,ワンピース シャツネック  オシャレ花柄  パーティー オフィス 二次会 2019夏新作  エレガント,,"サイズ：

画像の通り

測り方によって、誤差は1-3cmがございます。",素材：ポリエステル     製造：中国,入金確認後翌日～5日内発送です。,不可,取引申請が必要です,,https://www.netsea.jp/shop/541057/slm1905-018
162,ワンピース オシャレシャツネック花柄不規則  パーティーオフィス 二次会 2019夏新作  エレガント,,"サイズ：

画像の通り

測り方によって、誤差は1-3cmがございます。",素材：ポリエステル     製造：中国,入金確認後翌日～5日内発送です。,不可,取引申請が必要です,,https://www.netsea.jp/shop/541057/slm1905-019
163,トートバッグ 帆布 大きい 軽量 激安 レディース キャンバス 肩掛け トート ギフト 通勤通学,,"サイズ：上幅44cm/下幅29cm/高さ42cm
重量：110g
素材：キャンバス",,,不可,会員のみ注文が可能です,,https://www.netsea.jp/shop/588506/10001294
164,トートバッグ 帆布 大きい 軽量 激安 レディース キャンバス 肩掛け トート ギフト 通勤通学,,"サイズ：W35H38
重量：190g
素材：キャンバス",,,不可,会員のみ注文が可能です,,https://www.netsea.jp/shop/588506/10001295
165,ハンドバッグ レディース 純綿 お散布 ペット袋 お買い物 ミニバッグ 手首掛け,,"カラー：バージョンA・バージョンB
サイズ：W22cmH31cm
重さ：80g 素材：綿",,,不可,会員のみ注文が可能です,,https://www.netsea.jp/shop/588506/10001296
166,カービング◆神聖幾何学◆フラワーオブライフ◆【水晶金彫】,水晶に金彫りした神聖幾何学フラワーオブライフカービングです。,【商品仕様】直径 約12ｍｍ,天然石,ご入金確認後、3営業日以内に発送いたします。,不可,会員のみ注文が可能です,,https://www.netsea.jp/shop/620140/ca-sg-fl-qg
167,カービング◆神聖幾何学◆ツリーオブライフ◆【水晶金彫】,水晶に金彫りした神聖幾何学ツリーオブライフカービングです。,【商品仕様】直径 約12ｍｍ,天然石,ご入金確認後、3営業日以内に発送いたします。,不可,会員のみ注文が可能です,,https://www.netsea.jp/shop/620140/ca-sg-tl-qg
168,カービング◆神聖幾何学◆セフィロト◆【水晶金彫】,水晶に金彫りした神聖幾何学セフィロトカービングです。,【商品仕様】直径 約12ｍｍ,天然石,ご入金確認後、3営業日以内に発送いたします。,不可,会員のみ注文が可能です,,https://www.netsea.jp/shop/620140/ca-sg-se-qg
169,裏地付き♪ウエストレースアップオフショルシャーリングトップス/編み上げ/フレア◆6420001【ネコポス可】,ウエストレースアップとフレア袖がスタイルアップに☆,・コメント高級感のある素材だからさらりと着るだけでリッチな印象に♪ウエストレースアップとフレア袖がスタイルアップに☆エレガントでキレイめスタイルにもなれるので幅広い年代にもおすすめな1枚となっています！！パンツにもスカートにも合うのでボトムスを選びません◎オフショルはデコルテラインを美しく魅せてくれる優秀アイテム！・サイズ【Fサイズ】着丈：約50cm裄丈：約50cm身幅：約47cm裏地：あり※すべて平置きサイズです。モデル身長：162cm着用サイズ：全て最小サイズ着用,表地：ポリエステル97%・ポリウレタン3%裏地：ポリエステル100%伸縮性：若干あり透け感：なし,※3・4営業日以内発送,不可,取引申請が必要です,,https://www.netsea.jp/shop/4004/6420001
170,裏地付き♪オフショルダーフレアスリーブトップス/ブラウス/7分袖/くすみパステル◆6420301【ネコポス可】,人気継続中の袖コンシャスなデザインでスタイリングを一気に旬顔に！,・コメント人気継続中の袖コンシャスなデザインでスタイリングを一気に旬顔に！ヘルシーな肌見せが叶うレディーライクなオフショルブラウス♪エレガントでキレイめスタイルにもなれるので幅広い年代にもおすすめな1枚となっています！！裾・袖フレアシルエットで体系カバーにも◎オフショルはデコルテラインを美しく魅せてくれる優秀アイテム！・サイズ【Fサイズ】着丈：約58cm裄丈：約55cm身幅：約50cm裏地：あり※すべて平置きサイズです。モデル身長：162cm着用サイズ：全て最小サイズ着用,表地：ポリエステル97%・ポリウレタン3%裏地：ポリエステル100%伸縮性：若干あり透け感：なし,※3・4営業日以内発送,不可,取引申請が必要です,,https://www.netsea.jp/shop/4004/6420301
171,肌魅せ♪総レースウエストリボントップス/花柄/フラワー/フレアスリーブ/ブラウス◆1465901【ネコポス可】,繊細な花柄レースがエレガントなレーストップス☆,・コメント繊細な花柄レースがエレガントなレーストップス☆高めのウエストマークでふんわりと広がるシルエットをmake♪デコルテラインは程よく開いていて大人の女性を演出◎デートやパーティーやお呼ばれなど様々なシーンで活躍間違えなしのITEM!!リボンは前で結んでも後ろで結んでもその日の気分次第な2way。エンジェルスリーブで気になる二の腕も華奢魅せ可能な嬉しい1枚！・サイズ【Mサイズ】着丈：約53cm裄丈：約27cm身幅：約40cm裏地：あり※すべて平置きサイズです。モデル身長：162cm着用サイズ：全て最小サイズ着用,ナイロン95%・ポリウレタン5%伸縮性：あり透け感：白のみ若干あり,※3・4営業日以内発送,不可,取引申請が必要です,,https://www.netsea.jp/shop/4004/1465901
172,バラエティ玩具ガンシリーズ水鉄砲/マシンガン,春夏の定番,画像を参照ください,"この季節に売れます
ウォーターガンなど
鉄砲玩具色々です
縁日などでも見かけます",受注後2~3日程度,不可,取引申請が必要です,,https://www.netsea.jp/shop/7890/190509acse
173,スイートフルーツイヤフォン6種類,人気商品,6種のフルーツがかわいいイヤホンになりました。,,受注後2~3日程度,不可,取引申請が必要です,,https://www.netsea.jp/shop/7890/190509acse-1
174,在庫特価,大特価,画像を参照ください,"在庫限りの大特価です。
売り切れ次第終了となります
メーカーバンダイ",,不可,取引申請が必要です,,https://www.netsea.jp/shop/7890/20190505san
175,ピアス / 6-52  ◆ Silver925 シルバー ピアス サイコロ ダイス N-501,,■サイズ(最大値)： 約3.0×3.0mm(厚み×幅)*１ｐのサイズ■全長： 10.0mm　┗　セットになるペンダントのご購入はコチラから,■材質： Silver925 シルバー　┗　ピアス一覧はコチラから,平日14:00までのご注文は即日発送いたします。,不可,取引申請が必要です,,https://www.netsea.jp/shop/428810/6-52
176,ピアス / 6-50  ◆ Silver925 シルバー  ピアス ハート CZ キュービックジルコニア　N-501,,■サイズ(最大値)： 約2.8×5.0mm(厚み×幅)■全長： 7.0mm,■材質： Silver925 シルバー （ロジウムメッキ加工）■石名： CZ（キュービックジルコニア）　┗　ピアス一覧はコチラから,平日14:00までのご注文は即日発送いたします。,不可,取引申請が必要です,,https://www.netsea.jp/shop/428810/6-50
177,ピアス / 6-49  ◆ Silver925 シルバー  ピアス クロス CZ キュービックジルコニア　N-501,「愛と調和のシンボル」 クロス,■サイズ(最大値)： 約2.2×6.5mm(厚み×幅)■全長： 7.5mm,■材質： Silver925 シルバー （ロジウムメッキ加工）■石名： CZ（キュービックジルコニア）　┗　ピアス一覧はコチラから,平日14:00までのご注文は即日発送いたします。,不可,取引申請が必要です,,https://www.netsea.jp/shop/428810/6-49
178,桜模様 アクリルビーズ 21種類 20mm×30mm / 15mm×20mm,,,,3営業日以内,不可,会員のみ注文が可能です,,https://www.netsea.jp/shop/578452/ar07-g1-2
179,桜模様 花模様 アクリルビーズ しずく型 円柱型,,,,3営業日以内,不可,会員のみ注文が可能です,,https://www.netsea.jp/shop/578452/ar18ar19
180,桜模様 アクリルビーズ オーバル 20mm×30mm 17種類,,,,3営業日以内,不可,会員のみ注文が可能です,,https://www.netsea.jp/shop/578452/ar08ar09-g1
181,無地 ビキニ Bikini セパレートビキニ レディース 人気水着 夏新作,無地 ビキニ Bikini セパレートビキニ レディース 人気水着 パッド付き セクシー 夏新作 海水浴 温泉旅行,"■素材：ポリアミド繊維
■原産国：中国
■カラー：1号～4号
■サイズ：S～L",,２万円以上送料無料！ご入金確認後3-5営業日以内商品を配送いたします。,不可,会員のみ注文が可能です,,https://www.netsea.jp/shop/580809/YY190450Y3
182,チェック柄 ビキニ Bikini 人気水着 セパレートビキニ 夏新作 レディース,チェック柄 ビキニ Bikini 人気水着 セパレートビキニ 夏新作 レディース セクシー 海水浴 温泉旅行,"■素材：ポリアミド繊維
■原産国：中国
■カラー：画像の通り
■サイズ：S～L",,２万円以上送料無料！ご入金確認後3-5営業日以内商品を配送いたします。,不可,会員のみ注文が可能です,,https://www.netsea.jp/shop/580809/YY190452Y3
183,バタフライ 蝶 ボールペン 水性ボールペン 中性ボールペン 黒インク,バタフライ 蝶 ボールペン 水性ボールペン 中性ボールペン 黒インク 創意文具 プレゼント おしゃれ,"■素材：プラスチック
■原産国：中国
■カラー：色ランダム
■インキ色：ブラック
■サイズ：長さ約170mm
■ボール径：0.5mm",,２万円以上送料無料！ご入金確認後3-5営業日以内商品を配送いたします。,不可,会員のみ注文が可能です,,https://www.netsea.jp/shop/580809/WG18270Y3
184,合体昆虫プラモデル,,■パッケージサイズ：110x110x30ｍｍ,■色種類：5種アソート,欠品中を除き、3営業日以内に出荷いたします。 (銀行振込みの場合はご入金確認後の出荷となります),不可,取引申請が必要です,4580323645363,https://www.netsea.jp/shop/622124/4580323645363
185,白猫LEDライト,,■本体サイズ：Ф40ｘ120ｍｍ,■色種類：4色アソート■電池：ボタン式電池3個使用（付属）,欠品中を除き、3営業日以内に出荷いたします。 (銀行振込みの場合はご入金確認後の出荷となります),不可,取引申請が必要です,4580323644250,https://www.netsea.jp/shop/622124/4580323644250
186,韓国パール入り粘土,,ディスプイ箱 H210×W285×D60mm容器サイズ H25×φ60mm,カラー 全6色(ピンク・紫・緑・青・黄・透明)　素材：PVA/PS,欠品中を除き、3営業日以内に出荷いたします。 (銀行振込みの場合はご入金確認後の出荷となります),不可,取引申請が必要です,4580323646,https://www.netsea.jp/shop/622124/JAN4580323646506
187,sflhw2718◆5000以上【送料無料】◆金属チャーム◆クリアパーツ　幾何模様,アクセサリー　パーツ　材料　ハンドメイド　資材　素材 　部品　手芸用品,,,■■■最小ロット注文数量に満たしていない場合、ご注文は削除されますので、ご注意ください。■■■,不可,取引申請が必要です,2718,https://www.netsea.jp/shop/296628/sflhw2718
188,vnsh000563★5000以上送料0円★ネイルパーツ★デコパーツ   マーブル　ラインストーン,存在感抜群のパーツ　クラッシュシェル　ネイル　,,,5000円以上【送料無料】※沖縄・離島除く、同梱OK,不可,取引申請が必要です,000563,https://www.netsea.jp/shop/296628/vnsh000563
189,vnsh000564★5000以上送料0円★ネイルパーツ★デコパーツ   マーブル　ラインストーン,存在感抜群のパーツ　クラッシュシェル　ネイル　,,,5000円以上【送料無料】※沖縄・離島除く、同梱OK,不可,取引申請が必要です,000564,https://www.netsea.jp/shop/296628/vnsh000564
190,【2019新作】インナーショーツ☆レディース水着用【ベージュ/ブラック/ビキニ/水泳/マリンスポーツ】,,フリーサイズ 腰周り：60cm～74cm,生産地：中国 製造年：2019年,翌営業日出荷（午前9時までの注文は当日出荷を心がけております）,不可,会員のみ注文が可能です,,https://www.netsea.jp/shop/3017/MZ187
191,【2019新作】ブラック総レースレディース水着【フリル/ワンピース水着/体型カバー/オールインワン】,,バスト：約69cmアンダーバスト：約64cm ウエスト：約62cm,生産地：中国 製造年：2019年,翌営業日出荷（午前9時までの注文は当日出荷を心がけております）,不可,会員のみ注文が可能です,,https://www.netsea.jp/shop/3017/MZ188
192,【水着】KIDS☆千鳥格子ワンピース水着【ジュニア/ガールズ/女の子/コサージュ/スイミング】,,・3(80-90)着丈(スカート)39cm　胴回り46cm　ヒップ48cm　肩-股43cm・4(90-100)着丈(スカート)41cm　胴回り49cm　ヒップ52cm　肩-股45cm・5(110)着丈(スカート)44cm　胴回り50cm　ヒップ52cm　肩-股47cm・6(120)着丈(スカート)46cm　胴回り53cm　ヒップ56cm　肩-股50cm・7(130)着丈(スカート)48cm　胴回り56cm　ヒップ59cm　肩-股53cm・帽子(共通)　頭回り45cm画像のトルソーは6（120サイズ）を着用しています。,生産地：中国 製造年：2019年,翌営業日出荷（午前9時までの注文は当日出荷を心がけております）,不可,会員のみ注文が可能です,,https://www.netsea.jp/shop/3017/MZK044
193,【売り切れごめん】ワイワイボールプールテント 2種アソート,,Ф110XH37.5cm,ポリエステル、ポリエチレン,3営業日以内,不可,取引申請が必要です,,https://www.netsea.jp/shop/5113/LKS-0509
194,【売り切れごめん】国産 抗菌消臭シート　１５×２０ｃｍ（家庭用）,ゴミ箱に貼るだけ・置くだけ　消臭・抗菌シート。効果は持続,15ｘ20ｃｍ,"ポリエステルフェルト（アースプラス加工）
ナイロン・アクリル粘着・紙セパ",3営業日以内,不可,取引申請が必要です,,https://www.netsea.jp/shop/5113/FL-0509
195,【売り切れごめん】グルーミンググローブ,この時期にピッタリの商品です！,"約24ｃｍｘ18ｃｍ(右手用)
本体　約55ｇ",,3営業日以内,不可,取引申請が必要です,,https://www.netsea.jp/shop/5113/FL-05091
196,2019春夏新作★  ラッシュガードZIPパーカー ssd2105b,プールにビーチにアウトドアの必須『サマーラッシュガード』,●モデルデータYUUUKI(180cm/59kg) 着用サイズ：M●SIZE：M/L/XL着丈：65/68/69cm身幅：47/49/52cm裄丈：84/87/87cmSIZE：M/L/XL着丈：66/68/70cm身幅：49/51/53cm裄丈：84/87/88cm,●素材　ポリエステル 95％ポリウレタン 5％,,不可,会員のみ注文が可能です,,https://www.netsea.jp/shop/18246/62105
197,2019春夏新作★  ラッシュガードZIPパーカー ssd2105b,プールにビーチにアウトドアの必須『サマーラッシュガード』,●モデルデータYUUUKI(180cm/59kg) 着用サイズ：M●SIZE：M/L/XL着丈：65/68/69cm身幅：47/49/52cm裄丈：84/87/87cmSIZE：M/L/XL着丈：66/68/70cm身幅：49/51/53cm裄丈：84/87/88cm,●素材　ポリエステル 95％ポリウレタン 5％,,不可,会員のみ注文が可能です,,https://www.netsea.jp/shop/18246/62106
198,2019春夏新作★  アロハシャツ,2019年さらに注目度の高いトレンドシャツ『アロハシャツ』,●モデルデータYUUUKI(180cm/59kg) 着用サイズ：M●SIZE：M/L/LL着丈：69/72/75cm身幅：51/53/55cm肩幅：46/47/48cm袖丈：21/21/21cmアームホール：23/24.5/26cm,●素材　レーヨン 100％,,不可,会員のみ注文が可能です,,https://www.netsea.jp/shop/18246/62095
199,【５月１０日入荷決定】トイストーリー　まんまるフラッシュヨーヨー,,"【商品サイズ】直径7cm(ゴムヒモ含めず)
【ＪＡＮコード】4510133274569
【梱包形態】12個で化粧箱入り",,,不可,会員のみ注文が可能です,,https://www.netsea.jp/shop/185766/sy2791
200,【５月１０日入荷決定】トイストーリー　ビッグトートバッグ,,"【商品サイズ】50×40×10cm
【ＪＡＮコード】451013274118
【梱包形態】1個1個OPP袋入り",,,不可,会員のみ注文が可能です,,https://www.netsea.jp/shop/185766/sy2737
201,【５月１０日入荷決定】プリンセス　2wayバッグ,,"【商品サイズ】31×39cm
【ＪＡＮコード】4510133274651
【梱包形態】1個1個OPP袋入り/12個で大きい袋入り",,,不可,会員のみ注文が可能です,,https://www.netsea.jp/shop/185766/sy2797
202,★大人気★鞄やキーホルダーストラップ★キーホルダー★かわいい★,★大人気★鞄やキーホルダーストラップ★キーホルダー★かわいい★,■商品の色:画像どおり。■サイズ：11.6*6cm,■素材：合金、その他。■原産国:中国。,ご入金確認後5営業日以内で商品を配送いたします。,不可,会員のみ注文が可能です,,https://www.netsea.jp/shop/395962/N1961
203,★大人気★鞄やキーホルダーストラップ★キーホルダー★かわいい★,★大人気★鞄やキーホルダーストラップ★キーホルダー★かわいい★,■商品の色:画像どおり。,■素材：合金、その他。■原産国:中国。,ご入金確認後5営業日以内で商品を配送いたします。,不可,会員のみ注文が可能です,,https://www.netsea.jp/shop/395962/N1962
204,創意文具★手帳飾り★手帳シール★貼紙★DIYシール★アルバムシール★手紙アクセサリー★貼り付ける,創意文具★手帳飾り★手帳シール★貼紙★DIYシール★アルバムシール★手紙アクセサリー★貼り付ける,■商品の色:画像どおり。,■素材：PVC/その他。■生産地：中国。,ご入金確認後5営業日以内で商品を配送いたします。,不可,会員のみ注文が可能です,,https://www.netsea.jp/shop/395962/A1574
205,レディース 二つ折り財布 多機能 大容量 復古風PUレザー カード入れ シンプル 高級 小銭入れ 薄型 軽量,手触りの良い高品質なPU皮を使用した、軽くて柔らかく、スリムな財布です。,"■コメント
手触りの良い高品質なPU皮を使用した、軽くて柔らかく、スリムな財布です。
熟練している職人技術で、丁寧な縫製をして、最善の製品に仕 上がっております。
◆抜群の収納力：札入れ×3・カード入れ×5・写真入れ×1・ファスナー付きの小銭入れ×1箇所になり。
シンプルで使いやすいデザインです。お札、カード、レシート、5.5インチまでスマートフォンなど余裕で入ります。
たくさん収納出来る大容量で、とても便利です。 
マグネットで、開閉も楽になります。 
豊富な9色からお選び頂けます。
■サイズ(約cm)商品画像に記載■カラー商品画像に記載■素材PU■重さ約100g■生産国中国
■出荷について
発送方法：宅配便


■注意事項
※採寸方法違いより、多少の誤差がございますので、ご了承ください。 ※海外輸入品のため、商品の仕様は予告なく変更になる場合がございます。交換/返品対象外になりますので、ご了承下さい。 ※製品にメーカータグ、洗濯表示、サイズタグ等が無いものがありますが不良ではございません、ご了承くださいませ。 ※撮影時のライティング、ご覧になっているモニター・PC環境により実際の商品と色味が異なって見える場合がございます。 ご了承の上お買い求め下さい。※小物やアクセサリー等、コーディネイト用に使用したアイテムは参考商品です。 商品には含まれませんのでご了承下さい。",,,不可,会員のみ注文が可能です,,https://www.netsea.jp/shop/528133/wallet016
206,レディース 二つ折り財布 取り外し可能カードケース付き 札入れ 小銭入れ 多機能 大収納,高品質PUレザーを採用し、肌触りがいいだけではなく、耐久性にも優れています。,"■コメント
高品質PUレザーを採用し、肌触りがいいだけではなく、耐久性にも優れています。
美しさと頑丈さを兼ね備えた高級感がある
取り外し可能カードケース付き、身軽に出かけたいときや小さなバッグにも簡単に収納できます。
手提げ紐付き、持ち運びが便利です。
◆抜群の収納力：札入れ×2・カード入れ×9・写真入れ×2・ファスナー付きの小銭入れ×1箇所になり。
シンプルで使いやすいデザインです。お札、カード、レシート、スマートフォンなど余裕で入ります。
たくさん収納出来る大容量で、とても便利です。 
スナップボタンで、開閉も楽になります。 
豊富な6色からお選び頂けます。
■サイズ(約cm)商品画像に記載■カラー商品画像に記載■素材PU■重さ約150g■生産国中国
■出荷について
発送方法：宅配便


■注意事項
※採寸方法違いより、多少の誤差がございますので、ご了承ください。 ※海外輸入品のため、商品の仕様は予告なく変更になる場合がございます。交換/返品対象外になりますので、ご了承下さい。 ※製品にメーカータグ、洗濯表示、サイズタグ等が無いものがありますが不良ではございません、ご了承くださいませ。 ※撮影時のライティング、ご覧になっているモニター・PC環境により実際の商品と色味が異なって見える場合がございます。 ご了承の上お買い求め下さい。※小物やアクセサリー等、コーディネイト用に使用したアイテムは参考商品です。 商品には含まれませんのでご了承下さい。",,,不可,会員のみ注文が可能です,,https://www.netsea.jp/shop/528133/wallet017
207,レディース 夏 編み麦わら  2way かごバッグ ショルダーバッグ クラッチバッグ フリンジ付,持っているだけで可愛いカゴクラッチバッグが登場！,"■コメント 
持っているだけで可愛いカゴクラッチバッグが登場！ 
オシャレに遊び心たっぷりで、毎日がHAPPYに 
ショルダーバッグとして、またクラッチバッグとして2wayでお楽しみ頂けます。 
トレンドのフリンジがイマドキなアイテムですね。  
シンプルだけど目を引くデザインでオシャレで使いやすさも抜群なアイテムです 
ショルダー付きでいろんなシーンで使えちゃいます 
軽量、持ち運び簡単。 携帯電話、サングラス、財布、化粧品、その他の日用品を収納できます。  
夏のビーチ、ショッピング、パーティー、デート、旅行などに適しています。
■サイズ(約cm)約29cm×20cm■カラー商品画像に記載■素材麦わら／ポリエステル■裏地あり■内ポケットなし■生産国中国
■出荷について
発送方法：宅配便


■注意事項について
※採寸方法違いより、多少の誤差がございますので、ご了承ください。 ※海外輸入品のため、商品の仕様は予告なく変更になる場合がございます。交換/返品対象外になりますので、ご了承下さい。 ※製品にメーカータグ、洗濯表示、サイズタグ等が無いものがありますが不良ではございません、ご了承くださいませ。 ※撮影時のライティング、ご覧になっているモニター・PC環境により実際の商品と色味が異なって見える場合がございます。 ご了承の上お買い求め下さい。※小物やアクセサリー等、コーディネイト用に使用したアイテムは参考商品です。 商品には含まれませんのでご了承下さい。",,,不可,会員のみ注文が可能です,,https://www.netsea.jp/shop/528133/bag087
208,特恵！！！★激安！！！★★★★欧米風★ネックレス★アクセサリー　,2018年新作★同梱でお買得★欧米風★精巧模造ダイヤネックレス★フリンジ多層★OL★アクセサリー　,■参考サイズ：画像通り   ■カラー：画像通り,■素材：合金　　  ■P.P袋入り ■原産国： 中国,ご入金確認後5日以内商品を発送いたします。,不可,会員のみ注文が可能です,,https://www.netsea.jp/shop/539554/PP2769
209,特恵！！！★激安！！！★★★★欧米風★ネックレス★アクセサリー　,2018年新作★同梱でお買得★欧米風★精巧模造ダイヤネックレス★フリンジ多層★OL★アクセサリー　,■参考サイズ：画像通り   ■カラー：画像通り,■素材：合金　　  ■P.P袋入り ■原産国： 中国,ご入金確認後5日以内商品を発送いたします。,不可,会員のみ注文が可能です,,https://www.netsea.jp/shop/539554/PP2770
210,特恵！！！★激安！！！★★★★欧米風★ネックレス★アクセサリー　,2018年新作★同梱でお買得★欧米風★精巧模造ダイヤネックレス★フリンジ多層★OL★アクセサリー　,■参考サイズ：画像通り   ■カラー：画像通り,■素材：合金　　  ■P.P袋入り ■原産国： 中国,ご入金確認後5日以内商品を発送いたします。,不可,会員のみ注文が可能です,,https://www.netsea.jp/shop/539554/PP2771
211,ツートンサンダル（ジュニア）　,レジャーに最適,"サイズ：Ｓ（18～19ｃｍ）　Ｍ（20～21ｃｍ）
1足ＯＰＰ袋入　
サイズハンガー付",材質：ＥＶＡ樹脂,営業日含め3日～7日以内に出荷,不可,取引申請が必要です,4966840252633,https://www.netsea.jp/shop/570979/4966840252633
212,ツートンサンダル（レディース）　,レジャーに最適,"サイズ：Ｓ（22～23ｃｍ）　Ｍ（24～251ｃｍ）
1足ＯＰＰ袋入　
サイズハンガー付",材質：ＥＶＡ樹脂,営業日含め3日～7日以内に出荷,不可,取引申請が必要です,4966840252640,https://www.netsea.jp/shop/570979/4966840252640
213,ツートンサンダル（メンズ）　,レジャーに最適,"サイズ：Ｓ（22～23ｃｍ）　Ｍ（24～251ｃｍ）
1足ＯＰＰ袋入　
サイズハンガー付",材質：ＥＶＡ樹脂,営業日含め3日～7日以内に出荷,不可,取引申請が必要です,4966840252657,https://www.netsea.jp/shop/570979/4966840252657
214,ペーパーxテープハンドルかごバッグ　COOCO,2019Spring&Summer　新作,"■生産地：中国
■素材・成分：素材
表地：分類外繊維(紙)100％
付属：ポリエステル100％
裏地：ポリエステル100％
サイズ：W30cm/H23cm/D15cm　
ハンドル立ち上がり：15cm",Made in China,3営業日以内,不可,会員のみ注文が可能です,,https://www.netsea.jp/shop/619787/19131-12009
215,バンブーハンドルブレードトートバッグ　COOCO,2019Spring&Summer　新作,"素材
本体：ポリプロピレン100％    
付属：合成皮革      
裏地：ポリエステル100％
 
本体サイズ：W24/H24/D15cm
ハンドル立ち上がり：12cm",Made in China,3営業日以内,不可,会員のみ注文が可能です,,https://www.netsea.jp/shop/619787/19131-12027
216,テープハンドルかごバッグCOOCO,,"本体サイズ：W28/H22/D12cm
口開きサイズ：29cm
ハンドル立ち上がり：7.5cm 
■素材・成分：
表地：天然草木（ガマ）
付属：綿
裏地：ポリエステル",Made in China,3営業日以内,不可,会員のみ注文が可能です,,https://www.netsea.jp/shop/619787/18131-12067
217,【即納】【ヘア】★2019春夏新作★全3タイプ！パール付きヘアクリップ［kgf0435］,レディー感UP♪上品リッチなデザインがヘアスタイルを美しく飾るヘアクリップ♪,●全3タイプ！パール付きヘアクリップ●レディー感UP♪上品リッチなデザインがヘアスタイルを美しく飾るヘアクリップ♪●デイリーからオフィス、ドレススタイルまで幅広くマッチする、優秀アイテム♪[ヘアクリップ]   ※MADE IN CHINA(中国製),中国製,,不可,取引申請が必要です,,https://www.netsea.jp/shop/39640/kgf0435
218,【即納】【ヘア】★2019春夏新作★全4タイプ！3本1セットヘアクリップセット［kgf0436］,デザインや種類の異なるヘアアクセが3本1セットになったお得なアイテムが登場♪,●全4タイプ！3本1セットヘアクリップセット●デザインや種類の異なるヘアアクセが3本1セットになったお得なアイテムが登場♪●デイリーはもちろん、オフィスやパーティーシーンでのヘアスタイルにも映える、エレガントな逸品です。●1本使いはもちろん、重ね付けもオススメ◎気品溢れるパールと、大人っぽく高見えするゴールドカラーが顔まわりを華やかに飾ります。[ヘアクリップ][ヘアピン]    ※MADE IN CHINA(中国製),中国製,,不可,取引申請が必要です,,https://www.netsea.jp/shop/39640/kgf0436
219,【即日出荷】 ベビードールとTバック セクシーランジェリー【8925】,kms　ワンピース ショーツ Tバック,"セット内容：ワンピースTバックショーツ

フリーサイズ（約cm）
丈83
バスト～84
ウエスト～78

・透けます
・ストレッチあり
・首チャイナボタン開閉可

※注意事項：ディスプレイ画面等の環境上、ページと実際の商品の色・型とは多少違う場合がございます。サイズ表記に付きましてはあくまで目安とさせて頂きます。輸入品のため、糸のほつれ・多少の汚れのある場合状態のもの等は返品対象外となります。",,即納,不可,会員のみ注文が可能です,,https://www.netsea.jp/shop/66948/8925
220,【即納】 黒金 ボディコン ワンピース セクシーランジェリー  【8930】,ch コスプレ衣装 コスチューム ドレス ワンピース キャバドレス　,"セット内容：ワンピースＭサイズ  平置き実寸（約cm）総丈72バスト〜84ウエスト〜74全体的伸縮性あり
バックファスナー仕様
色：ブラック



 ※注意事項：生産時期により仕様が変更される場合が御座います。 ディスプレイ画面等の環境上、ページと実際の商品の色・型とは多少違う場合がございます。実寸はメジャー採寸の為、1～3cm誤差が生じる場合があります。輸入品のため、シワ・縫製甘い・糸のほつれ・多少の汚れ・色移りのある場合状態のもの等は返品対象外となります。",,即納,不可,会員のみ注文が可能です,,https://www.netsea.jp/shop/66948/8930
221,タオルシーツ_ジャガード織シングルサイズ１４０×２５０cm（日本製）,心地よい眠りをつくる、ジャガード織りにサラッとした感触の日本製タオルシーツ,"サイズ　約１４０ｃｍ×２５０ｃｍ 

シングルサイズです。

納品形態：１枚袋入です

 重量　約７５０ｇ 

 綿１００％
 
原産国　日本製","タオルシーツは保水性にすぐれ優しい肌触りです。
 
洗濯の際は出来るだけ漂白剤の入った洗剤はお避け下さい。",受注翌日から３日～４日後の発送,不可,会員のみ注文が可能です,,https://www.netsea.jp/shop/79841/761425
222,タオルシーツ_ジャガード織（ダブルサイズ）１８０×２７０cm（日本製）,心地よい眠りをつくる、ジャガード織りにサラッとした感触の日本製タオルシーツ,"サイズ　約１８０ｃｍ×２７０ｃｍ 

ダブルサイズです。

納品形態：１枚袋入です

 重量　約１３５０ｇ 

 綿１００％
 
原産国　日本製","タオルシーツは保水性にすぐれ優しい肌触りです。
 
洗濯の際は出来るだけ漂白剤の入った洗剤はお避け下さい。",受注翌日から３日～４日後の発送,不可,会員のみ注文が可能です,,https://www.netsea.jp/shop/79841/761300
223,iPhoneXR用ドライフラワーケースカバー,ドライフラワーを散りばめた可愛いクリアカバー,対応：iPhoneXR用 素材：花、TPU、ポリカーボネイト,,３営業日以内,不可,取引申請が必要です,,https://www.netsea.jp/shop/244356/MICF61
224,iPhoneXS MAX用ドライフラワーケースカバー,ドライフラワーを散りばめた可愛いクリアカバー,対応：iPhoneXS MAX用 素材：花、TPU、ポリカーボネイト,,３営業日以内,不可,取引申請が必要です,,https://www.netsea.jp/shop/244356/MICFL65
225,【E-6】ドロスト とろみ サテン フレア ロング スカート,【E-6】ドロスト とろみ サテン フレア ロング スカート,参考サイズ：【M】着丈：90cmウエスト：30.5cm(ゴム有)参考サイズ：【L】着丈：92cmウエスト：32cm(ゴム有),素材：【表地】ポリエステル100%【裏地】ポリエステル100%≪備考≫伸縮性：なし透け感：なし生地の厚さ：やや薄手肌ざわり：さらっとしているその他：とろみ感のある素材ほんのり光沢感あり,,不可,会員のみ注文が可能です,,https://www.netsea.jp/shop/259797/6001199
226,【V-1】エコレザー 合皮 サスペンダー付き とろみ フレア スカート,【V-1】エコレザー 合皮 サスペンダー付き とろみ フレア スカート,参考サイズ：M着丈：96cmウエスト：35cm(ゴム有)裾幅：110cmヒップ：62cmサスペンダー：(最短)32cm(最長)35cm,素材：【表地】ポリエステル100%【裏地】ポリエステル100%【サスペンダー】合成皮革≪備考≫伸縮性：なし透け感：なし生地の厚さ：やや薄手肌ざわり：さらっとしているその他：サスペンダー部分→合皮身頃→落ち感のある《とろみ素材》,,不可,会員のみ注文が可能です,,https://www.netsea.jp/shop/259797/6001200
227,【ＩＭＰ】Ｔ／Ｃフライス深Ｖネック半袖Ｔシャツ,襟元を男らしくみせる深Ｖネックデザイン,■サイズ■(平置き：着丈/身幅/肩幅/袖丈)[Ｓ]62/41/39/18[Ｍ]64/44/40/19[Ｌ]66/47/41/20[ＸＬ]68/50/42/21※表記サイズの単位/cm,■素材■ポリエステル65% 綿35%,,不可,取引申請が必要です,,https://www.netsea.jp/shop/263996/97843
228,【ＩＭＰ】Ｔ／Ｃフライス七分袖Ｔシャツ,【定番】多色展開☆選べるＵorＶネックＴシャツ◎,【サイズ】(平置き:着丈/身幅/肩幅/袖丈)[Ｓ]62/42/37/42[Ｍ]64/45/39/43[Ｌ]65/46/41/44[ＸＬ]67/49/44/45  身長168cm / 体重56kg / Ｓサイズ着用,【素材】ポリエステル65％・綿35％,,不可,取引申請が必要です,,https://www.netsea.jp/shop/263996/95183
229,★ボールペン★ステーショナリー★スラスラ書く★シンプル★中性ペン★かわいい★,新作★アルパカボールペン★ステーショナリー★スラスラ書く★シンプル★中性ペン★かわいい★多色,■芯：0.5mm、ブラック、ブルー■カラー：ランダム,■材質：プラスチック　 ■生産地：中国,ご入金確認後5日以内商品を発送いたします。,不可,会員のみ注文が可能です,,https://www.netsea.jp/shop/295345/JP3011
230,★ボールペン★ステーショナリー★スラスラ書く★シンプル★中性ペン★かわいい★,新作★アルパカボールペン★ステーショナリー★スラスラ書く★シンプル★中性ペン★かわいい★多色,■芯：0.5mm、ブラック、ブルー■カラー：ランダム,■材質：プラスチック　 ■生産地：中国,ご入金確認後5日以内商品を発送いたします。,不可,会員のみ注文が可能です,,https://www.netsea.jp/shop/295345/JP3012
231,ネックバンドタイプBluetoothイヤホン【BTear001WH】Bluetooth5.0対応！スマホなどと簡単&安定接続！,ネックバンドタイプBluetoothイヤホン【BTear001WH】Bluetooth5.0対応！スマホなどと簡単&安定接続！,,,特価品のため、ご希望数量を出荷できない場合があります。その場合、送料をサービスいたします。,不可,取引申請が必要です,4589859788698,https://www.netsea.jp/shop/309688/20190424-000005
232,ネックバンドタイプBluetoothイヤホン【BTear001BK】Bluetooth5.0対応！スマホなどと簡単&安定接続！,ネックバンドタイプBluetoothイヤホン【BTear001BK】Bluetooth5.0対応！スマホなどと簡単&安定接続！,,,特価品のため、ご希望数量を出荷できない場合があります。その場合、送料をサービスいたします。,不可,取引申請が必要です,4589859788681,https://www.netsea.jp/shop/309688/20190424-000003
233,春新作 リボンショルダーバッグ 【即納】 鞄 バッグ ショルダー リボン ミニバッグ コンパクト,,,,即納商品の場合３営業日以内,不可,会員のみ注文が可能です,,https://www.netsea.jp/shop/330998/19ssbacn509
234,春新作 ティアードスカート ma 【即納】 ボトムス スカート ウエストゴム ティアード,,,,即納商品の場合３営業日以内,不可,会員のみ注文が可能です,,https://www.netsea.jp/shop/330998/19ssbocn427
235,帽子 ハット メンズ レディース HAT バケットハット サファリハット アウトドア 刺繍 キーズ Keys,折り畳んでバッグに入れて持ち歩けるので便利です,サイズ：58.5cm,素材：コットン,翌営業日出荷,不可,取引申請が必要です,,https://www.netsea.jp/shop/343705/KSH181
236,帽子 ハット メンズ レディース HAT バケットハット サファリハット アウトドア HolidayA.M. キーズ Keys,折り畳んでバッグに入れて持ち歩けるので便利です,サイズ：58.5cm,素材：コットン,翌営業日出荷,不可,取引申請が必要です,,https://www.netsea.jp/shop/343705/KSH182
237,スヌーピー 3脚チェア,便利な折り畳みチェア,31×31×H38cm,"■生産地：中国
■素材・成分：ポリエステル、ポリプロピレン、スチール",一週間程度,不可,取引申請が必要です,4589521223649,https://www.netsea.jp/shop/395734/4589521223649
238,スヌーピー フィッシングチェア,便利な折り畳みチェア,24×21×H26cm,"■生産地：中国
■素材・成分：ポリエステル、ポリプロピレン、スチール",一週間程度,不可,取引申請が必要です,4589521223632,https://www.netsea.jp/shop/395734/4589521223632
239,ディズニーハンディ扇風機,猛暑の必需品！,"■本体サイズ：W105mm×H210mm
■仕様
2種アソート（ご指定はお受けいたしかねます）
USB充電（USBコード付き）
ストラップ付属。
強風モード約2時間、弱風モード約2.5時間、微風約3時間
3段階切り替え付き。",,3営業日以内に発送手配予定（お振込の場合は、ご入金確認後5営業日以内）,可能,会員のみ注文が可能です,4562272024000,https://www.netsea.jp/shop/426507/4562272024000
240,くまさんせんぷうき,猛暑の必需品！,"■本体サイズ：W100mm×H195mm×D45mm
■仕様：ライト用の電池内臓。交換はできません。また、電池不良であっても、交換、ご返品はお受けいたしかねます。",,3営業日以内に発送手配予定（お振込の場合は、ご入金確認後5営業日以内）,可能,会員のみ注文が可能です,4903680136341,https://www.netsea.jp/shop/426507/4903680136341
241,ステンレスタンブラー４５０ｍｌ　スヌーピー・アリエル・トイストーリー,・スヌーピー・アリエル・トイストーリー　4種,,,入金確認後商品確保　５月中旬入荷　入荷次第発送,不可,会員のみ注文が可能です,,https://www.netsea.jp/shop/454103/s201905091200
242,夢きゃわ！ユニコーンぽんぽんＢＣ　　　　,・ユニコーンマスコット　第2弾,,,入金確認後商品確保　５月中旬入荷　入荷次第発送,不可,会員のみ注文が可能です,,https://www.netsea.jp/shop/454103/s201905091210
243,スリット/ラグラン半袖/クロス/ブラウス/tシャツ/旅行/夏休み 半袖Tシャツ/部屋着 パジャマ/,スリット/ラグラン半袖/クロス/ブラウス/tシャツ/旅行/夏休み 半袖Tシャツ/部屋着 パジャマ/,"☆男の子

      ☆女の子

      ☆女性



      ☆コスプレ

      ☆水着新作

      ☆ベビー","〔子供服 to approach｝ヽ(★*--｀*qその他子供服 ♡CHECK♡
子供/子供　水着/子供　サングラス子供　帽子/子供　コスプレ
 子供服
 子供服　トップス 子供服　ボトムス子供服 アウター キッズ キッズ ファッション
可愛い子供服 激売れてます！【2018  子供新作】
下記のキーワードをクリックしてください                                                                                                                                                                                                                                                                    ☆
☆
１-４歳☆☆
3-8歳☆☆
デニム☆☆
子供ワンピース☆男女共用子供服
☆在庫
☆☆
セットアップ子供服へ☆",即納または2週間営業日目安（予約）,不可,会員のみ注文が可能です,,https://www.netsea.jp/shop/546843/korea305
244,ロング丈 ミモレ丈 Aライン 無地 可愛い カジュアル 韓国ファッション,ロング丈 ミモレ丈 Aライン 無地 可愛い カジュアル 韓国ファッション,"☆男の子

      ☆女の子

      ☆女性



      ☆コスプレ

      ☆水着新作

      ☆ベビー","〔子供服 to approach｝ヽ(★*--｀*qその他子供服 ♡CHECK♡
子供/子供　水着/子供　サングラス子供　帽子/子供　コスプレ
 子供服
 子供服　トップス 子供服　ボトムス子供服 アウター キッズ キッズ ファッション
可愛い子供服 激売れてます！【2018  子供新作】
下記のキーワードをクリックしてください                                                                                                                                                                                                                                                                    ☆
☆
１-４歳☆☆
3-8歳☆☆
デニム☆☆
子供ワンピース☆男女共用子供服
☆在庫
☆☆
セットアップ子供服へ☆",即納または2週間営業日目安（予約）,不可,会員のみ注文が可能です,,https://www.netsea.jp/shop/546843/korea306
245,シリコンモールド【77.犬 お手】【1個売り】レジン枠 シリコン 粘土 柴犬 犬　秋田犬,シリコンモールド　レジン　宝石　ステーショナリー　さくら　桜　サクラ,,,ご入金確認後、3営業日以内に発送いたします。,不可,会員のみ注文が可能です,,https://www.netsea.jp/shop/562263/resin-siliconmold77
246,シリコンモールド【78.団扇】【1個売り】レジン枠 シリコン 粘土 うちわ 団扇 和風,シリコンモールド　レジン　宝石　ステーショナリー,,,ご入金確認後、3営業日以内に発送いたします。,不可,会員のみ注文が可能です,,https://www.netsea.jp/shop/562263/resin-siliconmold78
247,【日本製】【スワロフスキー社製クリスタル使用】フラワーペンダント/P-366,きらきらペンダント《Shirogane》,■日本製■素材：真鍮　スワロフスキー社製クリスタル■コーティング：ピンクゴールド■形状：小豆チェーンアジャスター付き（40cm＋アジャスター部分5cm）■商品札:Shirogane■パッケージ:個別にチャック付きポリ袋,☆白金巧芸商品一覧☆【人気順】　【新規登録順】☆カテゴリ別☆リング　SVリング　ペンダント　ピアス　イヤリング　パーツ　SALE☆人気検索☆SILVER925　スワロフスキー　天然石　ピンキー,※ 平日13:00までのご注文は当日出荷,不可,取引申請が必要です,,https://www.netsea.jp/shop/5672/P-366
248,【即納707348】大きいサイズ 美脚シルエットダメージ加工レーシーストレッチレギンスパンツ LL 3L 4L 5L 6L,スレッドリブレギンス シンプル かわいい オシャレ スパッツ タイツ トレンカ  マタニティ,LL:ウエスト 80～110cm ヒップ 100cm 股上 前 29cm 後 33cm わたり 27cm 股下 70cm 裾まわり 29cm パンツ丈 100cm 3L:ウエスト 83～120cm ヒップ 108cm 股上 前 30cm 後 34cm わたり 29cm 股下 71cm 裾まわり 31cm パンツ丈 101cm 4L:ウエスト 86～130cm ヒップ 116cm 股上 前 31cm 後 35cm わたり 31cm 股下 72cm 裾まわり 33cm パンツ丈 102cm 5L:ウエスト 89～140cm ヒップ 122cm 股上 前 32cm 後 36cm わたり 33cm 股下 73cm 裾まわり 35cm パンツ丈 103cm 6L:ウエスト 92～150cm ヒップ 130cm 股上 前 33cm 後 37cm わたり 35cm 股下 74cm 裾まわり 37cm パンツ丈 104cm  ※メーカー採寸により、実際のサイズ、デザイン、色合いとは異なる場合がございます。なお、海外商品につき、商品によって寸法に多少のバラつきがあることがございます。予めご了承下さいませ。,綿  65％　ポリエステル　35％ 　						ストレッチ	有		透け感	有												4L5L6Lネコポス	×	ポケット数		0				　※生産工場の都合により、生地、色合いが商品ごとに多少異なる場合がございますので、予めご了承の上ご購入下さいませ。☆穴開き＆レースで甘辛テイストのレギパンです♪☆ ☆柔らかい素材で履き心地の良さが実感していただけると思います♪☆ ☆何にでも合う一枚です♪☆,全品即納！営業日午前10時迄の注文は即日発送！送料割引有！写真自由・直送可能！,不可,取引申請が必要です,,https://www.netsea.jp/shop/18925/707348
249,【B品 訳有り品】【佐川・離島発送不可】KELLY　回転式チェア　2脚入り　LBR,,幅535×奥行530×高さ730mm（梱包サイズ：幅615×奥行545×高さ540mm） 座面高：約420mm 本体重量：1脚　7.4kg（梱包重量：17kg） 組立式（約30分/付属の工具にて組立）1個口,天然木ラバーウッド（ラッカー塗装） 座面/張り地：合成皮革（PVCレザー）、内材：ウレタンフォーム 原産国：ベトナム,3営業日以内（沖縄発送不可）,不可,取引申請が必要です,,https://www.netsea.jp/shop/28968/b-bh06lbr
250,★軽量・シンプルで使い勝手抜群！★リフレクターテープ使いミニマルワンショルダーボディバッグ★,★多機能でオシャレ！★デザイン、機能性、収納力と三拍子揃ったお出掛けにオススメのボディバッグです★,"Ｆ（フリー）
縦幅　　約 32ｃｍ
横幅　　約 17ｃｍ
奥行き　約 8ｃｍ
収納　　ジップポケット×２ヶ所
収納　　内ポケット×１ヵ所内トリガーフック×１ヵ所
素材　　ポリエステル100％",★ＣＯＯＬにカッコよく決めよう！↓ ＲＯＣＫスタイルはココをクリック！go！ ★コーディネートの核となるアイテムてんこ盛り↓ アメカジスタイルはココをクリック！go！ ★大人な雰囲気♪不滅のワードローブ↓ きれいめスタイルはココをクリック！go！ ★今どきオシャレさんの必須アイテム↓ アクセサリー・グッズはココをクリック！go！ ★可愛さＭＡＸ♪女の子の必須アイテム↓ レディースアイテムはココをクリック！go！,営業日即日発送,不可,会員のみ注文が可能です,,https://www.netsea.jp/shop/53748/tul083-lx69144
251,【一般婦人向け商品】≪日本製≫ノンストレスブラ　ロングタイプ　３色展開,【１万円以上のお仕入で運賃無料☆】,サイズ：Ｂ・Ｃ６５～７０／Ｂ・Ｃ７０～７５／Ｂ・Ｃ８５～９０／Ｂ・Ｃ９５～１００Ｄ・Ｅ６５～７０／Ｄ・Ｅ７０～７５／Ｄ・Ｅ８５～９０／Ｄ・Ｅ９５～１００Ｆ・Ｇ６５～７０／Ｆ・Ｇ７５～８０／Ｆ・Ｇ８５～９０／Ｆ・Ｇ９５～１００,素材：綿・ポリウレタン,３営業日以内,不可,会員のみ注文が可能です,,https://www.netsea.jp/shop/53750/non-1
252,レジン加工済　リボンパーツ　オレンジ色売り尽くしセール　半額,ラムネ入りゼリーのような・色鮮やか・ガラスストーン付・弊社特注商品です,リボン：25ｍｍ×18ｍｍ■ロットに丸粒の色が違います。■汚れ・ずれ・多少の不良・変形・サイズ誤差など含まれている価格設定のため、ご了承の上で商品を検討してください。,■ネコポス便希望、かつ発送できるサイズに収められれば、送料を修正させて頂き、ネコポス便で送付致します。,翌日発送,不可,会員のみ注文が可能です,,https://www.netsea.jp/shop/63084/R962
253,ユニ・チャーム ナチュラル ムーニー 新生児用 お誕生～3000g,ユニ・チャーム,"商品サイズ：誕生－3000g

個装入数：30枚
個装サイズ：W290×Ｄ105×H145（mm）／約 406（g）

外装入数：6
外装サイズ：W325×D300×H300（mm）／約 3（kg）","【素材・成分】
---

【原産国】日本

【JANコード】4903111243921",21600円以上で送料無料！島部など一部地域は実費送料をご負担頂いております。送料はご注文受付後ご連絡。,不可,会員のみ注文が可能です,4903111243921,https://www.netsea.jp/shop/84918/26750719
254,かんざし棒20本,かんざし作りにいかがですか！,"太さ：約2.5ｍｍ
長さ：約12.8ｃｍ
穴の大きさ：外径：約3ｍｍ/内径：約1.5ｍｍ（アーチ型の為、穴の入り口は、狭いようですが柔らかいものは
1.5＜3ｍｍ入る可能性があります。）","海外製造
真鍮製品（シルバーメッキ加工）",迅速に発送します。発送業務は、平日9～15時となっております。金曜は、翌月曜の場合があります。,不可,取引申請が必要です,,https://www.netsea.jp/shop/99310/KS03
255,【シルク100％】【絹】【寝具】【シルク小物】【新作】シルクサテンナイトキャップ,髪をシルクでやさしくカバー,適応サイズ：55～57ｃｍ（ゴム製）,シルクサテン100％・16匁中国製,３営業日以内,不可,会員のみ注文が可能です,,https://www.netsea.jp/shop/126993/971
256,【予約5月中旬】【2019春夏新作】サイドプリーツポンチワンピース,,■着丈/112cm ■身巾/46cm ■肩巾/47cm　■ポンチ部裾巾/57cm,BODY■ポリエステル100％　別布■ポリエステル100％,平日午後12時までのご注文は当日出荷、12時以降のご注文は翌営業日出荷,不可,"取引申請が必要です
                                        予約受付となります",1492301-Y,https://www.netsea.jp/shop/140661/1492301-Y
257,【新発売】ニュアンスカラーシェル　5色　コンテナ入　極薄シェル　アバロンシェル　ネイルに,大人カラーの極薄シェルや小粒のアバロンシェル♪,"【新発売】ニュアンスカラーシェル　5色　コンテナ入
大人カラーの極薄シェルや小粒のアバロンシェル♪
ニュアンスネイルにぴったりの注目素材です！
●原産国：中国",,,不可,取引申請が必要です,,https://www.netsea.jp/shop/172480/P-ncs
258,新品初日販売20%OFF♪ 湯のみ 樹脂材質 アクセサリーパーツ,,,,入金確認後4営業日以内海外支社からの国際郵便発送します、お客様に到着するのが5-10日ほどかかます。,不可,取引申請が必要です,,https://www.netsea.jp/shop/245255/QG280
259,【ご予約品】管理番号n-yoyaku20190424-101,,当商品は、メール又はお問い合わせにて、当店からURLをご連絡させて頂いたお客様専用のお手続き用商品です。その他のお客様はご注文頂きませんようお願い申し上げます。(万が一ご注文頂いた場合はキャンセルとなります) 内容：恐れ入りますがメール又はお問い合わせのご案内をご確認ください。お手数ですが、ご連絡をさせて頂いたご予約管理番号と、商品名の番号が一致しているかどうかご確認をお願い致します。,,3営業日内(土日祝・長期休暇を除く),不可,会員のみ注文が可能です,,https://www.netsea.jp/shop/249498/n-yoyaku20190424-101
260,ビーズ　ブレスレット,ビーズとリリアン糸を使用したブレスレット,◆サイズ : 長さ ~２６cmくらい,◆生産国：タイ,３営業日以内に出荷,不可,会員のみ注文が可能です,,https://www.netsea.jp/shop/277091/th019-02-06-01
261,日本製ピッチングマシン用ボール　バッティングセンター用ボール　マシンボール　KS013,,,,,不可,取引申請が必要です,,https://www.netsea.jp/shop/280573/9098
262,RC TOYOTA HIACE  ラジコン☆2色アソート【ホワイト/ブラック】,TOYOTA正規ライセンスラジコン♪,"サイズ：約Ｗ９×Ｄ１９×Ｈ７ｃｍ(本体)
重量: 約１７０ｇ(本体)
材質：ＡＢＳ・ＴＰＲ・ＰＰ・ＰＳ（本体）、ＡＢＳ（送信機）
カラー：ブラック/ホワイト
電源：本体/単3電池×3本使用（別売） 送信機/単3電池×2本使用（別売）
使用周波数：27MHz",写真はイメージです。実際の商品と写真は多少異なりますがご了承ください。製造工程上、車体の塗装は一部簡略化しています。,,不可,取引申請が必要です,4580278053893,https://www.netsea.jp/shop/313747/hiace-rc
263,【即納】 ★ トップス ★ 2748,,フリー(88cm～)/丈69cmフリーサイズ(表記はus4-6Sサイズです)（平置き採寸・誤差＋－２ｃｍ）ストレッチ素材,ポリエステル95％　スパンデックス5％　中国製,翌日出荷（土日祭除く）,不可,会員のみ注文が可能です,,https://www.netsea.jp/shop/339074/2748
264,おすだけベープスプレーハイブリッドプレミアム 150回分 不快害虫用 【フマキラー】 【殺虫剤・ハエ・蚊】,ワンプッシュで１６畳に効く,155ML,原産国：日本メーカ名：【 フマキラー 】関連ワード：【 殺虫剤・ハエ・蚊 】,１～５営業日程度での出荷予定（最短翌日出荷。在庫不足の場合、メーカー様より仕入後の納品となります。）,不可,取引申請が必要です,4902424444049,https://www.netsea.jp/shop/357136/4902424444049
265,ワンピ　女の子　ドレス　チュール　キッズ　パーティーキッズドレス　クルーネック　長袖　ドット柄,ワンピ　女の子　ドレス　チュール　キッズ　パーティーキッズドレス　クルーネック　長袖　ドット柄,"サイズ
サイズ120(CM)バスト60着丈68
サイズ130(CM)バスト63着73
サイズ140(CM)バスト66着丈78",【素材】ポリエステル他 【原産地】:中国,基本5-10営業日以内に出荷。在庫切れの場合は別途ご連絡いたします。,不可,会員のみ注文が可能です,,https://www.netsea.jp/shop/358032/CWP1905-269
266,新商品 ホールピン バレッタ メタル パール フレーム,,"A 直径 約6.8cm
B 直径 約6.3cm
C 直径 約6.1cm
D 直径 約6.1cm
ピン部分 約6.5cm",,,不可,会員のみ注文が可能です,,https://www.netsea.jp/shop/374863/Brt10144
267,木製　木目　茶さじ,これからのキッチンにフィットする木のカトラリー＆キッチンツール。,約11.2*3.2CM,木製・漆塗/ウレタン,受注日から3営業日以内(土日祝を除く)に出荷,応相談,会員のみ注文が可能です,,https://www.netsea.jp/shop/466484/SP022A
268,フレジア　バスタオル　 　,フレジア　バスタオル　 　,バスタオル　約６０×１２０ｃｍ,綿100％ジャガード,受注後２～４日で出荷,不可,取引申請が必要です,,https://www.netsea.jp/shop/503704/10856
269,3歳までベビー向き刺繍トップス　ボトムス　2枚上下セット,3歳までベビー向き刺繍トップス　ボトムス　2枚上下セット,"★サイズ: cm 
Tシャツ
身長　 着丈　 身幅　 肩幅　 
73     34    24.5     21

 
80   36      26     22.5

 
 90     38     27.5     23.8 
 100     41    29      25 

パンツ

身長　 総丈　 ウェスト　 　 
73      21.5    40     
80     22.5     42     
 90     23.5    44    
 100     24.5   46","★【素材】 
Tシャツ：コットン　100% 


パンツ　コットン100% 
★【包装】P.P袋 
★【原産国】中国
★【ブランド】minizone",ご入金確認後5～10日で日本国内で商品を発送いたします。,不可,会員のみ注文が可能です,,https://www.netsea.jp/shop/555335/BW1905b
270,【2019新作 春夏】レディース シャツ 小花柄 重ねツインセット ワンピース,ノースリーブワンピと半袖ワンピのツインセットワンピース。,"サイズ：M～L（身長 154cm～162cm）、バスト 79cm～94cm
　ワンピース：バスト 110cm、着丈 88cm
　インナー：バスト 100cm、着丈 103cm
素材
　ワンピース生地：綿 100％
　インナー生地：ポリエステル 95％、ポリウレタン 5％

製造国：中国
製造年：2019
パッケージ：個包装商品札：あり",,３営業日程度（お振込の場合は入金確認後）,不可,会員のみ注文が可能です,,https://www.netsea.jp/shop/564613/9017
271,パーツ　コードブレスレット　GL薄あかね　＃23　ハンドメイド　素材　簡単　製作　ヒモ　コネクト　全30色,簡単にブレスレットが作れる！コードブレスヒモ♪,サイズ/最大内径約20cmサイズはおおよそです。多少の誤差がある場合がございます。,規格/金具:真鍮,支払い方法により即日発送。日祝は定休日のため定休日明け発送になります。,不可,会員のみ注文が可能です,,https://www.netsea.jp/shop/567585/4418
272,【即納】【レディース】★2019春夏新作★全8色！シフォンプリーツワイドパンツ [cnc0501],スカートの様にふんわり広がるプリーツワイドパンツ♪,●全8色！シフォンプリーツワイドパンツ●柔らかな風合いが大人可愛いシフォンワイドパンツ。足先まで流れるロング丈＆品を高めるプリーツ仕立てでレディライクな仕上がりに。●幅広いコーデに馴染むシンプルデザイン。トップス次第でカジュアルにもキレイめにも着こなせる万能な1枚です♪●立体的な縦ラインが表情豊かなプリーツ仕立て。綺麗に波打つヒダが洗練された華やかさをプラス。●ボディを拾わずスラッと流れる縦長シルエット。ハイウエスト＆ワイドフォルムが美脚＆脚長効果を発揮！●軽やかに揺れ動くエアリーさも魅力的。歩くたびふわりとなびいてスカート見えを演出します。●ウエストはゴム一周仕様。●ベーシックからアクセントカラーまで揃った8色のバリエーション。●表地：さらりとした軽やかなシフォン生地。ふわっと優しい風合いで、ロング丈でも重たい印象を与えません◎●裏地：表地と同色同素材のシフォン生地。※MADE IN CHINA(中国製)■素材：表地：ポリエステル100%裏地：ポリエステル100%■カラー：ブラック、ダークピンク、グレー、グリーン、ベージュ、ダークオレンジ、チャコール、ホワイト■サイズ：ワンサイズ■寸法：総丈 90cm ウエスト 64~cm 前股上 37cm 股下 54cm 裏地丈 42cm 裏地ヒップ 126cm 裏地渡り幅 37cm 裏地裾幅 36cm,中国製,,不可,取引申請が必要です,,https://www.netsea.jp/shop/585360/cnc0501
273,★2019年春新作★韓国のファショントップス　 無地,韓国ファッション、春夏、,,,,不可,会員のみ注文が可能です,,https://www.netsea.jp/shop/620155/948317
274,まつげエクステ【安心の日本製しみないグルー！】LALONA ( ラローナ ) ピュアグルー,安心の日本製しみないグルー！,■内容量：1g / 2g / 10g,"■色：ブラック
■セルフ使用可
■チャック袋入
■日本製

▼成分詳細
2-シアノプロベン酸 2-エトキシエチル、ヒドロキノン、アクリル樹脂、カーボンブラック",3営業日以内,不可,取引申請が必要です,,https://www.netsea.jp/shop/625639/LA-JPG
275,東京メタル ガラスペンダント(クリアー),,【パッケージサイズ】高さ：265mm幅　：17mm奥行：17mm重量：880g,,出荷の目安：５営業日以内,不可,取引申請が必要です,,https://www.netsea.jp/shop/621959/1966643
276,シンワ測定 シンワ測定 高級ミニノギス 100mm 19894,,【パッケージサイズ】高さ：10mm幅　：86mm奥行：260mm,,出荷の目安：２営業日以内,不可,取引申請が必要です,,https://www.netsea.jp/shop/621959/1132850
277,カシムラ 防水 Bluetooth イヤホンマイクBL-84,,【パッケージサイズ】高さ：180mm幅　：90mm奥行：40mm,,出荷の目安：３営業日以内,不可,取引申請が必要です,,https://www.netsea.jp/shop/621959/2050590
278,【在庫限り】コトワザステッカー 後悔先に立たず,在庫限りの売り尽くし!!早い者勝ち,,,ご注文後、3日～7日営業日以内の出荷,不可,取引申請が必要です,4571193240109,https://www.netsea.jp/shop/349007/ac-ps-204
279,【在庫限り】CRYSTOCRAFT クリスタルクラフト/音符,在庫限りの売り尽くし!!早い者勝ち,,,ご注文後、3日～7日営業日以内の出荷,不可,取引申請が必要です,4957907418727,https://www.netsea.jp/shop/349007/ctn-850-302
280,【在庫限り】学校 立体 おもしろ 消しゴム ブリスターパック,在庫限りの売り尽くし!!早い者勝ち,,,ご注文後、3日～7日営業日以内の出荷,不可,取引申請が必要です,4991685200594,https://www.netsea.jp/shop/349007/iwk-er-bri015
281,新しいデザイン　夏　カレッジ風　韓国風　ルース　法　タイプ　少女　ポルカドット　シフォン,シャツ INS超人気 海外セレブ人気商品 おしゃれ,着丈 バスト 肩幅 袖丈フリーサイズ 68 112 54 50,製番：13D77734新しいデザイン/夏/カレッジ風/韓国風/ルース/法/タイプ/少女/ポルカドット/シフォン/シャツ/長袖/トップス/シャツテクスチャー:その他スリーブタイプ:スピーカースリーブ,銀行振込みの場合は、前払い決済ですので、ご注文後、早めに振込みして下さい！,不可,会員のみ注文が可能です,,https://www.netsea.jp/shop/364331/A60325-1490949
282,春夏季　新しいデザイン　裾　ねじる　結び　丸襟　半袖Tシャツ　レジャー　ゴム入りのウエス,女 INS超人気 海外セレブ人気商品 おしゃれ,着丈 バストTシャツ 44 88パンツ 90 ウエスト:64-80,製番：13D77297春夏季/新しいデザイン/裾/ねじる/結び/丸襟/半袖Tシャツ/レジャー/ゴム入りのウエスト/ハーラン/スウェットパンツ/セット/女,銀行振込みの場合は、前払い決済ですので、ご注文後、早めに振込みして下さい！,不可,会員のみ注文が可能です,,https://www.netsea.jp/shop/364331/A60381-2630873
283,スヌーピー ホーロークック＆ストックポット12cm SN-117,見ているだけで楽しくなれるビタミンカラー!,,"深めの小鍋だからちょっとした煮物やレトルト食品の温めやジャム作りに活躍しそう!小物入れとしてもかわいらしい。フタ付なので保存時に積み重ねができ短期間の保管に便利。





サイズ
約180×140×150mm(深さ:110mm)個装サイズ：15.3×18.0×13.0cm


重量
約515g個装重量：620g


素材・材質
本体:鋼板(0.6mm)ホーロー仕上げシール蓋:ポリエチレンガラス蓋:強化ガラス(全面物理強化)


仕様
満水容量:約1280mlガス火専用


生産国
中国",ご注文後5～6営業日後の出荷となります,不可,会員のみ注文が可能です,,https://www.netsea.jp/shop/140066/1318790
284,リラックマ 電気ケトル0.6L RK-13,朝食やカフェタイムに寄り添う手軽に使えるキッチン家電。,,"ちょっとオトナな雰囲気を打ち出した「RilakkumaFACTORY」シリーズ。本体はコードレスなので、コードが絡まずお湯を注げる電気ケトルです。





サイズ
約185×105×200mm個装サイズ：18.5×12.0×20.5cm


重量
約530g個装重量：600g


素材・材質
ポリプロピレン


仕様
100V/670Wコードの長さ:約0.75mサーモスタット(蒸気感知式・温度感知式)容量:約600ml


付属品
取扱説明書保証書(保証期間:1年)


生産国
中国",ご注文後5～6営業日後の出荷となります,不可,会員のみ注文が可能です,,https://www.netsea.jp/shop/140066/1318799
285,リラックマ ポップアップトースター RK-14,朝食やカフェタイムに寄り添う手軽に使えるキッチン家電。,,"ちょっとオトナな雰囲気を打ち出した「RilakkumaFACTORY」シリーズ。焼きあがりをポン!っとお知らせしてくれるポップアップ式トースター。ダイヤルで焼き加減を調節できます。(6枚切・8枚切角形食パン専用)





サイズ
約123×243×160mm個装サイズ：15.0×26.5×19.5cm


重量
約800g個装重量：1100g


素材・材質
本体:ポリプロピレン・ステンレス内部パン受け金具:スチール(亜鉛メッキ)


仕様
コードの長さ:約1.0m、100V/700W


付属品
取扱説明書保証書(保証期間:1年)


生産国
中国",ご注文後5～6営業日後の出荷となります,不可,会員のみ注文が可能です,,https://www.netsea.jp/shop/140066/1318800
286,キッズ 水着 女の子 セパレート 子供 ジュニア みずぎ 女児用 温泉 スクール水着 スイムウェア,キッズ 水着 女の子 セパレート 子供 ジュニア みずぎ 女児用 温泉 スクール水着 スイムウェア,,原産国：中国,ご入金確認後5日以内商品を発送いたします。,不可,会員のみ注文が可能です,,https://www.netsea.jp/shop/506678/XJ2310
287,キッズ 水着 女の子 セパレート 子供 ジュニア みずぎ 女児用 温泉 スクール水着 スイムウェア,キッズ 水着 女の子 セパレート 子供 ジュニア みずぎ 女児用 温泉 スクール水着 スイムウェア,,原産国：中国,ご入金確認後5日以内商品を発送いたします。,不可,会員のみ注文が可能です,,https://www.netsea.jp/shop/506678/XJ2309
288,キッズ 水着 女の子 セパレート 子供 ジュニア みずぎ 女児用 温泉 スクール水着 スイムウェア,キッズ 水着 女の子 セパレート 子供 ジュニア みずぎ 女児用 温泉 スクール水着 スイムウェア,,原産国：中国,ご入金確認後5日以内商品を発送いたします。,不可,会員のみ注文が可能です,,https://www.netsea.jp/shop/506678/XJ2308
289,ピジョン 〈排泄関連用品〉赤ちゃんの洗たく用洗剤 ピュア 800mL,ピジョン,"商品サイズ：---

個装入数：800mL
個装サイズ：W134×Ｄ67×H227（mm）／約 904（g）

外装入数：14
外装サイズ：W485×D283×H250（mm）／約 13（kg）","【素材・成分】
界面活性剤（7.6％ ポリオキシエチレンアルキルエーテル、純石けん分（脂肪酸カリウム））、安定化剤、pH調整剤、金属封鎖剤
【原産国】日本

【JANコード】4902508121316",21600円以上で送料無料！島部など一部地域は実費送料をご負担頂いております。,不可,会員のみ注文が可能です,4902508121316,https://www.netsea.jp/shop/84918/517215
290,ピジョン 〈排泄関連用品〉赤ちゃんの洗たく用洗剤 ピュア 詰めかえ用720mL 2個パック,ピジョン,"商品サイズ：---

個装入数：720mL×2個
個装サイズ：W260×Ｄ80×H350（mm）／約 1492（g）

外装入数：9
外装サイズ：W490×D230×H300（mm）／約 14（kg）","【素材・成分】
界面活性剤（7.6％ ポリオキシエチレンアルキルエーテル、純石けん分（脂肪酸カリウム））、安定化剤、pH調整剤、金属封鎖剤

【原産国】日本

【JANコード】4902508121330",21600円以上で送料無料！島部など一部地域は実費送料をご負担頂いております。,不可,会員のみ注文が可能です,4902508121330,https://www.netsea.jp/shop/84918/517217
291,ピジョン 〈排泄関連用品〉赤ちゃんの柔軟剤 ベビーソフター ひだまりフラワーの香り 詰めかえ用2回分 1L,ピジョン,"商品サイズ：---

個装入数：1L
個装サイズ：W70×Ｄ70×H250（mm）／約 1050（g）

外装入数：8
外装サイズ：W308×D160×H275（mm）／約 9（kg）","【素材・成分】
界面活性剤（陽イオン系）

【原産国】日本

【JANコード】4902508121422",21600円以上で送料無料！島部など一部地域は実費送料をご負担頂いております。,不可,会員のみ注文が可能です,4902508121422,https://www.netsea.jp/shop/84918/53269924
292,全3色 シャツ ブラウス 体型カバー 着痩せ フリル 透け感 薄手 無地 ボタン付 sweet系,カットソー トップス,■素材：コットン65%ポリエステル35%■色：ブルー/グリーン/ベージュ■サイズ：【S】着丈約58cm　バスト約100cm　袖丈約22cm　【M】着丈約59cm　バスト約104cm　袖丈約23cm　【L】着丈約60cm　バスト約108cm　袖丈約24cm　シャツ ブラウス 体型カバー 着痩せ フリル 透け感 薄手 無地 ボタン付 sweet系 カットソー トップス2019 春服 初春 早春新作 夏服 春夏新作 INS超人気,,通常10日から2週間。在庫は無い場合は別途ご連絡いたします。,不可,会員のみ注文が可能です,,https://www.netsea.jp/shop/364528/804948
293,全2色 トップス 体型カバー 着痩せ フリル フレアスリーブ バイカラー チェック柄 sweet系,カットソー 配色 格子柄 ギンガムチェック,■素材：コットン65%ポリエステル35%■色：ブルー/ピンク■サイズ：【S】着丈約56cm　バスト約98cm　袖丈約22cm　【M】着丈約57cm　バスト約102cm　袖丈約23cm　【L】着丈約58cm　バスト約106cm　袖丈約24cm　トップス 体型カバー 着痩せ フリル フレアスリーブ バイカラー チェック柄 sweet系 カットソー 配色 格子柄 ギンガムチェック2019 春服 初春 早春新作 夏服 春夏新作 INS超人気,,通常10日から2週間。在庫は無い場合は別途ご連絡いたします。,不可,会員のみ注文が可能です,,https://www.netsea.jp/shop/364528/804949
294,全2色 シャツ ブラウス 体型カバー 着痩せ 長袖 フリル フリルネック シフォン 無地 ボタン付 原宿系,カットソー トップス,■素材：コットン65%ポリエステル35%■色：イエロー/グリーン■サイズ：【F】着丈約59cm　バスト約120cm　袖丈約56cm　シャツ ブラウス 体型カバー 着痩せ 長袖 フリル フリルネック シフォン 無地 ボタン付 原宿系 カットソー トップス2019 春服 初春 早春新作 夏服 春夏新作 INS超人気,,通常10日から2週間。在庫は無い場合は別途ご連絡いたします。,不可,会員のみ注文が可能です,,https://www.netsea.jp/shop/364528/804950
295,2019新品 超安い/大人気/セクシー/おしゃれな/ビキニ/ベアトップ/水着/親子水着,水着 レディース 体型カバー タンキニ ビキニ,,原産国：中国,ご入金確認後5日以内商品を発送いたします。,不可,取引申請が必要です,,https://www.netsea.jp/shop/576497/XJ2311
296,2019新品 超安い/大人気/セクシー/おしゃれな/ビキニ/ベアトップ/水着/親子水着,水着 レディース 体型カバー タンキニ ビキニ,,原産国：中国,ご入金確認後5日以内商品を発送いたします。,不可,取引申請が必要です,,https://www.netsea.jp/shop/576497/XJ2312
297,2019新品 超安い/大人気/セクシー/おしゃれな/ビキニ/ベアトップ/水着/親子水着,水着 レディース 体型カバー タンキニ ビキニ,,原産国：中国,ご入金確認後5日以内商品を発送いたします。,不可,取引申請が必要です,,https://www.netsea.jp/shop/576497/XJ2313
298,初回送料無料 2019 リボン付き 着痩せ効果抜群 マキシ丈 ワンピ vxbbw-19djy1214春夏 新作,人気のレディースファッションがお買い得 魅力を引き立せる プチプライスファッション 春夏 新作 2019,サイズ【cm】:【F】 スカートの丈約115 バスト約96【カラー】:ダークブルー,【素材】コットン ポリエステル,海外からの仕入れですので、ご注文後頂いてから納品までに大体2週間～3週間必要となります。,不可,会員のみ注文が可能です,19djy1214,https://www.netsea.jp/shop/470392/Vxbbw-19djy1214
299,初回送料無料 2019 Vネック 不規則 ワンピ 大人気 全2色 vxbbw-19djy1215春夏 新作,人気のレディースファッションがお買い得 魅力を引き立せる プチプライスファッション 春夏 新作 2019,サイズ【cm】:【F】 スカートの丈約85【カラー】:ホワイト/ブラック,【素材】コットン ポリエステル,海外からの仕入れですので、ご注文後頂いてから納品までに大体2週間～3週間必要となります。,不可,会員のみ注文が可能です,19djy1215,https://www.netsea.jp/shop/470392/Vxbbw-19djy1215
300,初回送料無料 2019 コーディネート エレガント ブラウス 大人気 vxbbw-19djy1216春夏 新作,人気のレディースファッションがお買い得 魅力を引き立せる プチプライスファッション 春夏 新作 2019,サイズ【cm】:【F】 着丈約68 バスト約100【カラー】:ブルー,【素材】コットン ポリエステル,海外からの仕入れですので、ご注文後頂いてから納品までに大体2週間～3週間必要となります。,不可,会員のみ注文が可能です,19djy1216,https://www.netsea.jp/shop/470392/Vxbbw-19djy1216
301,この季節に大活躍 大人の魅力/細身/タイトスカート/スプリット/2点セット/レース/セット/ロングスカート,スリムフィット/細身/タイトスカート/スプリット/2点セット/レース/セット/ロングスカート,"★【サイズ】

トップス  

S 着丈：約54cm    肩幅：約36cm  バスト：約84cm ウエスト：約66cm    

M 着丈：約55cm    肩幅：約37cm  バスト：約88cm ウエスト：約70cm    

L 着丈：約56cm    肩幅：約38cm  バスト：約92cm ウエスト：約74cm    

XL 着丈：約57cm    肩幅：約39cm  バスト：約96cm ウエスト：約78cm    

スカート  

S 着丈：約67cm  ウエスト：約66cm    ヒップ：約87cm

M 着丈：約68cm  ウエスト：約68cm    ヒップ：約91cm    

L 着丈：約69cm  ウエスト：約72cm    ヒップ：約95cm    

XL 着丈：約70cm  ウエスト：約76cm    ヒップ：約99cm   

※サイズについては2-3センチの誤差があります。",※サイズは平置きサイズです。素人採寸ですので、若干の誤差がございます、ご了承ください。,ご入金確認後2~4日以内商品を発送致します。 一部海外から発送の商品は、出荷から到着まで約3営業日必要。,不可,会員のみ注文が可能です,,https://www.netsea.jp/shop/588973/XZ2019050801
302,新製品の入荷 韓国ファッション/スリム/ドット/蝶結び/シフォン/ゆったりする/カジュアルパンツ,トレンド/CHIC気質/新品/スリム/ドット/蝶結び/ワイドパンツ/シフォン/ゆったりする/カジュアルパンツ,"★【サイズ】

S 着丈：約86cm  ウェスト:約56cm  ヒップ：約103cm  パンツ裾口：約30cm  わたり幅：約50cm 

M 着丈：約87cm  ウェスト:約59cm  ヒップ：約107cm  パンツ裾口：約31.5cm   わたり幅：約54cm   

L 着丈：約88cm  ウェスト:約62cm  ヒップ：約111cm  パンツ裾口：約33cm  わたり幅：約58cm  

XL 着丈：約89cm  ウェスト:約65cm  ヒップ：約115cm  パンツ裾口：約34.5cm  わたり幅：約62cm  

2XL 着丈：約90cm  ウェスト:約68cm  ヒップ：約119cm  パンツ裾口：約36cm  わたり幅：約66cm      

※サイズについては2-3センチの誤差があります。",※サイズは平置きサイズです。素人採寸ですので、若干の誤差がございます、ご了承ください。,ご入金確認後2~4日以内商品を発送致します。 一部海外から発送の商品は、出荷から到着まで約3営業日必要。,不可,会員のみ注文が可能です,,https://www.netsea.jp/shop/588973/XZ2019050802
303,韓国ファッション 着やせ効果抜群/sweet系/ハイウエスト/スリムフィット/蝶結び/スリム/カジュアルパンツ,おしゃれな/トレンド/CHIC気質/新品/sweet系/ハイウエスト/スリムフィット/蝶結び/スリム/カジュアルパンツ,"★【サイズ】

 着丈：約95cm   ウエスト：約62-100cm      

※サイズについては2-3センチの誤差があります。",※サイズは平置きサイズです。素人採寸ですので、若干の誤差がございます、ご了承ください。,ご入金確認後2~4日以内商品を発送致します。 一部海外から発送の商品は、出荷から到着まで約3営業日必要。,不可,会員のみ注文が可能です,,https://www.netsea.jp/shop/588973/XZ2019050803
304,マイクロソフト 13.5インチ ノートパソコン Surface Laptop 2 LQN-00055 [ブラック],信頼の創業昭和39年激安家電の老舗,,,１～３営業日での出荷、在庫切れの際は御容赦下さい。,不可,"取引申請が必要です
                                                ビギナー会員取引不可",4549576105925,https://www.netsea.jp/shop/25774/LQN-00055
305,マイクロソフト 13.5インチ ノートパソコン Surface Laptop 2 LQN-00058 [プラチナ],信頼の創業昭和39年激安家電の老舗,,,１～３営業日での出荷、在庫切れの際は御容赦下さい。,不可,"取引申請が必要です
                                                ビギナー会員取引不可",4549576106229,https://www.netsea.jp/shop/25774/LQN-00058
306,マイクロソフト 13.5インチ ノートパソコン Surface Laptop 2 LQN-00060 [バーガンディ],信頼の創業昭和39年激安家電の老舗,,,１～３営業日での出荷、在庫切れの際は御容赦下さい。,不可,"取引申請が必要です
                                                ビギナー会員取引不可",4549576106236,https://www.netsea.jp/shop/25774/LQN-00060
307,全6色 ニットタンクトップ ニットベスト フリル 切り替え バイカラー スリム 着痩せ,カットソー 羽織り トップス 配色 ストライプ柄 カットソー ボーダー柄 sweet系,■素材：アクリル100%■色：ホワイト/ブラック/ピンク/レッド/イエロー/ブルー■サイズ：【F】ニットタンクトップ ニットベスト フリル 切り替え バイカラー スリム 着痩せ カットソー ボーダー柄 sweet系 カットソー 羽織り トップス 配色 ストライプ柄2019 春服 初春 早春新作 夏服 春夏新作 INS超人気,,通常10日から2週間。在庫は無い場合は別途ご連絡いたします。,不可,会員のみ注文が可能です,,https://www.netsea.jp/shop/160622/214713
308,全4色 ワンピース 体型カバー 着痩せ 切り替え 無地 シンプル カジュアル,チュニック ドレス,■素材：コットン65%ポリエステル35%■色：グリーン/ベージュ/スカイブルー/ロイヤルブルー■サイズ：【F】ワンピース 体型カバー 着痩せ 切り替え 無地 シンプル カジュアル チュニック ドレス 2019 春服 初春 早春新作 夏服 春夏新作 INS超人気,,通常10日から2週間。在庫は無い場合は別途ご連絡いたします。,不可,会員のみ注文が可能です,,https://www.netsea.jp/shop/160622/214712
309,全4色 半袖トップス 切り替え バイカラー チュール オフショルダー セクシー,カットソー 配色 肩あき 肩出し 肩見せ,この商品のもっと詳しい画像をクリックで表示されます。（全15枚がございます）■素材：コットン65%ポリエステル35%■色：グレー/レッド/ホワイト/ブラック■サイズ：【F】半袖トップス 切り替え バイカラー チュール オフショルダー セクシー カットソー 配色 肩あき 肩出し 肩見せ2019 春服 初春 早春新作 夏服 春夏新作 INS超人気,下記の画像をクリックで拡大表示されます。（全15枚がございます）,通常10日から2週間。在庫は無い場合は別途ご連絡いたします。,不可,会員のみ注文が可能です,,https://www.netsea.jp/shop/160622/214711
310,レディースシューズ　 とんがり スリッパ 2019新作 サンダル,★大人気！韓国風★★レディースシューズ★シンプルシューズ　ファッションハイヒール,サイズ（cm）▼★34(日本サイズ：22)★35(日本サイズ：22.5)★36(日本サイズ：23)　★37(日本サイズ：23.5)　★38(日本サイズ：24)　★39(日本サイズ：24.5)★40(日本サイズ：25)★41(日本サイズ：25.5)★42(日本サイズ：26)ヒール（cm）▼9.5cm,原産国：中国 素材: PU,ご入金確認後5日以内商品を発送いたします。,不可,会員のみ注文が可能です,,https://www.netsea.jp/shop/599180/XP0160
311,ビーチサンダル レディース ビーチスリッパ 人気シューズ アウトドア 街歩き ビーチ リラックス,ビーチサンダル レディース ビーチスリッパ 人気シューズ アウトドア 街歩き ビーチ リラックス,◆素材：PVC◆厚さ：普通◆原産国：made in china◆サイズ：35（22.5）36(23) 37(23.5) 38(24) 39(24.5) 40(25),原産国：中国 素材: PU,ご入金確認後5日以内商品を発送いたします。,不可,会員のみ注文が可能です,,https://www.netsea.jp/shop/599180/XJ2394
312,ビーチサンダル レディース ビーチスリッパ 人気シューズ アウトドア 街歩き ビーチ リラックス,ビーチサンダル レディース ビーチスリッパ 人気シューズ アウトドア 街歩き ビーチ リラックス,◆素材：PVC◆厚さ：普通◆原産国：made in china◆サイズ：35（22.5）36(23) 37(23.5) 38(24) 39(24.5) 40(25),原産国：中国 素材: PU,ご入金確認後5日以内商品を発送いたします。,不可,会員のみ注文が可能です,,https://www.netsea.jp/shop/599180/XJ2393
313,レディースシューズ　 とんがり レザースリッパ 2019春新作 サンダル,★大人気！韓国風★★レディースシューズ★シンプルシューズ　ファッションハイヒール,サイズ（cm）▼★34(日本サイズ：22)★35(日本サイズ：22.5)★36(日本サイズ：23)　★37(日本サイズ：23.5)　★38(日本サイズ：24)　★39(日本サイズ：24.5)★40(日本サイズ：25)★41(日本サイズ：25.5)★42(日本サイズ：26)ヒール（cm）▼9.5cm,原産国：中国 素材: PU,ご入金確認後5日以内商品を発送いたします。,不可,会員のみ注文が可能です,,https://www.netsea.jp/shop/584296/XJ1366
314,レディースシューズ　 とんがり レザースリッパ 2019春新作 サンダル,★大人気！韓国風★★レディースシューズ★シンプルシューズ　ファッションハイヒール,サイズ（cm）▼★34(日本サイズ：22)★35(日本サイズ：22.5)★36(日本サイズ：23)　★37(日本サイズ：23.5)　★38(日本サイズ：24)　★39(日本サイズ：24.5)★40(日本サイズ：25)★41(日本サイズ：25.5)★42(日本サイズ：26)ヒール（cm）▼9.5cm,原産国：中国 素材: PU,ご入金確認後5日以内商品を発送いたします。,不可,会員のみ注文が可能です,,https://www.netsea.jp/shop/584296/XJ1367
315,レディースシューズ　 とんがり レザースリッパ 2019春新作 サンダル,★大人気！韓国風★★レディースシューズ★シンプルシューズ　ファッションハイヒール,サイズ（cm）▼★34(日本サイズ：22)★35(日本サイズ：22.5)★36(日本サイズ：23)　★37(日本サイズ：23.5)　★38(日本サイズ：24)　★39(日本サイズ：24.5)★40(日本サイズ：25)★41(日本サイズ：25.5)★42(日本サイズ：26)ヒール（cm）▼9.5cm,原産国：中国 素材: PU,ご入金確認後5日以内商品を発送いたします。,不可,会員のみ注文が可能です,,https://www.netsea.jp/shop/584296/XJ1368
316,レディースシューズ　 とんがり レザースリッパ 2019春新作 サンダル,★大人気！韓国風★★レディースシューズ★シンプルシューズ　ファッションハイヒール,サイズ（cm）▼★34(日本サイズ：22)★35(日本サイズ：22.5)★36(日本サイズ：23)　★37(日本サイズ：23.5)　★38(日本サイズ：24)　★39(日本サイズ：24.5)★40(日本サイズ：25)★41(日本サイズ：25.5)★42(日本サイズ：26)ヒール（cm）▼9.5cm,原産国：中国 素材: PU,ご入金確認後5日以内商品を発送いたします。,不可,会員のみ注文が可能です,,https://www.netsea.jp/shop/585378/XJ1366
317,レディースシューズ　 とんがり レザースリッパ 2019春新作 サンダル,★大人気！韓国風★★レディースシューズ★シンプルシューズ　ファッションハイヒール,サイズ（cm）▼★34(日本サイズ：22)★35(日本サイズ：22.5)★36(日本サイズ：23)　★37(日本サイズ：23.5)　★38(日本サイズ：24)　★39(日本サイズ：24.5)★40(日本サイズ：25)★41(日本サイズ：25.5)★42(日本サイズ：26)ヒール（cm）▼9.5cm,原産国：中国 素材: PU,ご入金確認後5日以内商品を発送いたします。,不可,会員のみ注文が可能です,,https://www.netsea.jp/shop/585378/XJ1367
318,レディースシューズ　 とんがり レザースリッパ 2019春新作 サンダル,★大人気！韓国風★★レディースシューズ★シンプルシューズ　ファッションハイヒール,サイズ（cm）▼★34(日本サイズ：22)★35(日本サイズ：22.5)★36(日本サイズ：23)　★37(日本サイズ：23.5)　★38(日本サイズ：24)　★39(日本サイズ：24.5)★40(日本サイズ：25)★41(日本サイズ：25.5)★42(日本サイズ：26)ヒール（cm）▼9.5cm,原産国：中国 素材: PU,ご入金確認後5日以内商品を発送いたします。,不可,会員のみ注文が可能です,,https://www.netsea.jp/shop/585378/XJ1368
319,3WAYハンディ扇風機（ライト付き）,,サイズ：210×105×43mm 箱サイズ：110×105×60mmリチウム電池×1個(付)素材：ポリプロピレン、ABS樹脂パッケージ：化粧箱入,外でもデスクでも涼しい！今夏はmy扇風機を携帯♪ノベルティ、雑貨、景品、ギフト、プレゼント、小物、景品、ギフト、流行、タオル、夏、summer、イベント,5営業日以内,不可,会員のみ注文が可能です,,https://www.netsea.jp/shop/230560/es-193032
320,瞬間冷却パック,,サイズ：約150×126mm素材：水、ポリエチレン、硝酸アンモニウムパッケージ：,パンッ！と叩いてすぐ冷却！手軽に冷やせるフローズンパック。ノベルティ、雑貨、景品、ギフト、プレゼント、小物、景品、ギフト、流行、タオル、夏、summer、イベント,5営業日以内,不可,会員のみ注文が可能です,,https://www.netsea.jp/shop/230560/es-193028
321,アニマル保冷剤3P,,サイズ：255×85×12mm素材：水、高吸水性樹脂、プロピレングリコールパッケージ：ポリ袋入,ボリューム◎な３連結。夏のレジャーに大活躍！切り離して使えます。ノベルティ、雑貨、景品、ギフト、プレゼント、小物、景品、ギフト、流行、タオル、夏、summer、イベント,5営業日以内,不可,会員のみ注文が可能です,,https://www.netsea.jp/shop/230560/es-193031
322,新発売 レディースファッション 水着 美バスト ビキニ 3点セット リラックス ワイヤーなし セクシー,,■すべて平置きサイズです。サイズ表の実寸法は商品によって1～2cm程度の誤差がある場合がございますので、予めご了承ください。,■素材：ポリエステル ポリウレタン■原産国：中国,ご入金確認後4-7営業日で商品を配送いたします,不可,会員のみ注文が可能です,,https://www.netsea.jp/shop/585056/AYWLG-76174
323,新発売 レディースファッション 水着 美バスト ビキニ 2点セット リラックス ワイヤーなし セクシー,,■すべて平置きサイズです。サイズ表の実寸法は商品によって1～2cm程度の誤差がある場合がございますので、予めご了承ください。,■素材：ポリエステル ポリウレタン■原産国：中国,ご入金確認後4-7営業日で商品を配送いたします,不可,会員のみ注文が可能です,,https://www.netsea.jp/shop/585056/AYWLG-76229
324,新発売 レディースファッション 水着 美バスト ビキニ 2点セット リラックス ワイヤーなし セクシー,,■すべて平置きサイズです。サイズ表の実寸法は商品によって1～2cm程度の誤差がある場合がございますので、予めご了承ください。,■素材：ポリエステル ポリウレタン■原産国：中国,ご入金確認後4-7営業日で商品を配送いたします,不可,会員のみ注文が可能です,,https://www.netsea.jp/shop/585056/AYWLG-76230
325,ピアス＆イヤリングc1163,,"画像のご確認お願い致します。
※ 平置き・メージャー採寸の為、若干の誤差が生じる場合がございます。
ご了承の上ご注文下さい。
サイズについて、
掲載されている商品のサイズはメーカーさんからのご提供でございます。
仕入タイミング、ロット数によりまれにサイズの誤差が発生致します。
サイズの誤差のより(誤差の大きさ関係なく）ご返品一切受け付けておりません。
予めご了承上ご購入下さい。",,2週間,不可,取引申請が必要です,,https://www.netsea.jp/shop/514648/c1163
326,ピアス＆イヤリングc1164,,"画像のご確認お願い致します。
※ 平置き・メージャー採寸の為、若干の誤差が生じる場合がございます。
ご了承の上ご注文下さい。
サイズについて、
掲載されている商品のサイズはメーカーさんからのご提供でございます。
仕入タイミング、ロット数によりまれにサイズの誤差が発生致します。
サイズの誤差のより(誤差の大きさ関係なく）ご返品一切受け付けておりません。
予めご了承上ご購入下さい。",,2週間,不可,取引申請が必要です,,https://www.netsea.jp/shop/514648/c1164
327,ピアス＆イヤリングc1165,,"画像のご確認お願い致します。
※ 平置き・メージャー採寸の為、若干の誤差が生じる場合がございます。
ご了承の上ご注文下さい。
サイズについて、
掲載されている商品のサイズはメーカーさんからのご提供でございます。
仕入タイミング、ロット数によりまれにサイズの誤差が発生致します。
サイズの誤差のより(誤差の大きさ関係なく）ご返品一切受け付けておりません。
予めご了承上ご購入下さい。",,2週間,不可,取引申請が必要です,,https://www.netsea.jp/shop/514648/c1165
328,激安◎ビジネス メンズ ダンディズム ネクタイ*タイピン*カフスボタン*ポケットチーフ☆贈答セット☆花柄,KB01,"ネクタイ:146x8x3.5cm
ポケットチーフ：25x25cm
カフスボタン：1.6cm
ケース：16x10.5x7cm　　　　　素材：100%ポリエステル 　　　　重0.22 kg",本店の 【 メンズ ファッション雑貨】ここにクリック,ご注文は5個以上からお好きな数量でお願い致します。,不可,会員のみ注文が可能です,01,https://www.netsea.jp/shop/296001/KB01
329,激安◎ビジネス メンズ ダンディズム ネクタイ*タイピン*カフスボタン*ポケットチーフ☆贈答セット☆花柄,KB-02,"ネクタイ:146x8x3.5cm
ポケットチーフ：25x25cm
カフスボタン：1.6cm
ケース：16x10.5x7cm　　　　　素材：100%ポリエステル 　　　　重0.22 kg",本店の 【 メンズ ファッション雑貨】ここにクリック,ご注文は5個以上からお好きな数量でお願い致します。,不可,会員のみ注文が可能です,02,https://www.netsea.jp/shop/296001/KB-02
330,激安◎ビジネス メンズ ダンディズム ネクタイ*タイピン*カフスボタン*ポケットチーフ☆贈答セット☆花柄,KB03,"ネクタイ:146x8x3.5cm
ポケットチーフ：25x25cm
カフスボタン：1.6cm
ケース：16x10.5x7cm　　　　　素材：100%ポリエステル 　　　　重0.22 kg",本店の 【 メンズ ファッション雑貨】ここにクリック,ご注文は5個以上からお好きな数量でお願い致します。,不可,会員のみ注文が可能です,03,https://www.netsea.jp/shop/296001/KB03
331,girl-パンツ【春夏新作】,ブラック,【S】ウエスト約62cm 丈約91cm ヒップ約72cm 渡り幅約45cm 【M】ウエスト約66cm 丈約92cm ヒップ約76cm 渡り幅約47cm 【L】ウエスト約70cm 丈約93cm ヒップ約80cm 渡り幅約49cm 【XL】ウエスト約74cm 丈約94cm ヒップ約84cm 渡り幅約51cm,コットン65% ポリエステル35%,※発送におよそ1週間～10日程度かかります。発送後問い合わせ番号をお知らせいたします。,不可,会員のみ注文が可能です,alieal-a686,https://www.netsea.jp/shop/452554/alieal-a686
332,girl-Ｔシャツ♪全8色◆【春夏新作】,ブラック、ホワイト、ベージュ、イエロー、グリーン、ブルー、パープル、オレンジ,【F】バスト約98cm 丈約63cm 肩幅約50cm 袖丈約18cm,コットン65% ポリエステル35%,※発送におよそ1週間～10日程度かかります。発送後問い合わせ番号をお知らせいたします。,不可,会員のみ注文が可能です,alieal-f107,https://www.netsea.jp/shop/452554/alieal-f107
333,girl-Ｔシャツ♪全7色◆【春夏新作】,イエロー、ベージュ、ワインレッド、ホワイト、ブルー、レッド、ブラック,【F】バスト約104cm 丈約59-66cm 袖丈約18cm,コットン65% ポリエステル35%,※発送におよそ1週間～10日程度かかります。発送後問い合わせ番号をお知らせいたします。,不可,会員のみ注文が可能です,alieal-f125,https://www.netsea.jp/shop/452554/alieal-f125
334,2019年夏子供服キッズセット　ガールズシャツ　パンツ２点セット110CM-160CM,2019夏新作,"★5T/110CM　
★6T/120CM　
★7T/130CM　
★8T/140CM　
★9T/150CM　
★10T/160CM","★素材：棉　ポリエステル
★生産地：中国製
★包装状況：P.P.袋",こちらの商品は予約販売でございます、出荷は2週間営業日目安になります。,不可,取引申請が必要です,,https://www.netsea.jp/shop/531732/905179
335,2019年夏子供服キッズセット　ガールズシャツ　パンツ２点セットヒョウ柄110CM-160CM,2019夏新作,"★5T/110CM　
★6T/120CM　
★7T/130CM　
★8T/140CM　
★9T/150CM　
★10T/160CM","★素材：棉　ポリエステル
★生産地：中国製
★包装状況：P.P.袋",こちらの商品は予約販売でございます、出荷は2週間営業日目安になります。,不可,取引申請が必要です,,https://www.netsea.jp/shop/531732/905180
336,2019年夏子供服キッズセット　ガールズシャツ　スカート２点セット花柄110CM-160CM,2019夏新作,"★5T/110CM　
★6T/120CM　
★7T/130CM　
★8T/140CM　
★9T/150CM　
★10T/160CM","★素材：棉　ポリエステル
★生産地：中国製
★包装状況：P.P.袋",こちらの商品は予約販売でございます、出荷は2週間営業日目安になります。,不可,取引申請が必要です,,https://www.netsea.jp/shop/531732/905181
337,ロイヤルアーデンランチョンマット シルバー＆ベージュ 2枚セット 72570,華やかな模様のランチョンマット,45×0.1×22cm重量0.041kg原産国：台湾材質：ポリ塩化ビニル,,在庫がある場合は1～2営業日で出荷　在庫がない場合は4～5日で出荷 ※但し商品により異なります,不可,取引申請が必要です,4580135301235,https://www.netsea.jp/shop/7183/4580135301235
338,ロイヤルアーデンランチョンマット ゴールド＆ベージュ 2枚セット 72571,華やかな模様のランチョンマット,45×0.1×22cm重量0.041kg原産国：台湾材質：ポリ塩化ビニル,,在庫がある場合は1～2営業日で出荷　在庫がない場合は4～5日で出荷 ※但し商品により異なります,不可,取引申請が必要です,4580135301242,https://www.netsea.jp/shop/7183/4580135301242
339,ロイヤルアーデンラウンド ランチョンマット シルバー＆ベージュ 2枚セット 72572,華やかな模様のランチョンマット,38×0.1×38cm重量0.039kg原産国：台湾材質：ポリ塩化ビニル,,在庫がある場合は1～2営業日で出荷　在庫がない場合は4～5日で出荷 ※但し商品により異なります,不可,取引申請が必要です,4580135301259,https://www.netsea.jp/shop/7183/4580135301259
340,LT-38 みがきやすいはぶらし4～6才 【 ライフレンジ 】 【 歯ブラシ 】,こどもの歯みがきを考えてつくった歯ブラシ,1本,原産国：日本メーカ名：【 ライフレンジ 】関連ワード：【 歯ブラシ 】,１～５営業日程度での出荷予定（最短翌日出荷。在庫不足の場合、メーカー様より仕入後の納品となります。）,不可,取引申請が必要です,4560292166250,https://www.netsea.jp/shop/357136/4560292166250
